Russian,Polish
Хороший (Это очень хорошая идея),Dobry (To jest bardzo dobry pomysł)
Это (Это мой дом),To (To jest mój dom)
Мочь (Могу я тебе помочь?),Móc (Czy mogę ci pomóc?)
Помощь (Мне нужна твоя помощь),Pomoc (Potrzebuję twojej pomocy)
Работа (Я ищу новую работу),Praca (Szukam nowej pracy)
Быть (Я был вчера в кино),Być (Byłem wczoraj w kinie)
Уже (Я уже закончил работу),Już (Już skończyłem pracę)
"Да; так (Да, я согласен)","Tak (Tak, zgadzam się)"
Помочь (Ты можешь мне помочь?),Pomóc (Czy możesz mi pomóc?)
Иметь (У меня сегодня много работы),Mieć (Mam dzisiaj dużo pracy)
Увидеть (До завтра!),Zobaczenie (Do zobaczenia jutro!)
Только (У меня только пять злотых),Tylko (Mam tylko pięć złotych)
Просить; пожалуйста (Я прошу о помощи),Prosić (Proszę o pomoc)
Тема (Это интересная тема),Temat (To ciekawy temat)
Несколько (У меня несколько вопросов),Kilka (Mam kilka pytań)
Ещё (Я хочу ещё один кофе),Jeszcze (Chcę jeszcze jedną kawę)
Этот (Этот фильм отличный),Ten (Ten film jest świetny)
"Если (Если у тебя будет время, позвони)","Jeśli (Jeśli będziesz miał czas, zadzwoń)"
Тоже (Я тоже так думаю),Też (Też tak myślę)
Согласно (Согласно плану),Zgodnie (Zgodnie z planem)
Номер (Какой у тебя номер телефона?),Numer (Jaki jest twój numer telefonu?)
Слово (Я не знаю этого слова),Słowo (Nie znam tego słowa)
"Минута (Сейчас вернусь, одна минута!)","Minuta (Zaraz wracam, jedna minuta!)"
Я (Я — Анджей),Ja (Ja jestem Andrzej)
Что-то (Хочешь что-то выпить?),Coś (Chcesz coś do picia?)
Пожелание (Моё желание исполнилось),Życzenie (Spełniło się moje życzenie)
Проблема (У меня проблема с компьютером),Problem (Mam problem z komputerem)
Случай; раз (Раз в неделю хожу в бассейн),Raz (Raz w tygodniu chodzę na basen)
Время (У меня нет времени),Czas (Nie mam czasu)
Хотеть (Я хочу выучить польский),Chcieć (Chcę nauczyć się polskiego)
Основа (Это основа хорошего предложения),Podstawa (To podstawa dobrego zdania)
Год (Мне двадцать пять лет),Rok (Mam dwadzieścia pięć lat)
Ресторан (Этот ресторан хороший),Restauracja (Ta restauracja jest dobra)
Поговорить (Я хочу с тобой поговорить),Porozmawiać (Chcę z tobą porozmawiać)
Какой-то (У меня есть какая-то идея),Jakiś (Mam jakiś pomysł)
Человек (Этот человек приятный),Osoba (Ta osoba jest miła)
Фамилия (Какая у тебя фамилия?),Nazwisko (Jakie jest twoje nazwisko?)
Дом (Я живу в большом доме),Dom (Mieszkam w dużym domu)
Спросить (Я хочу тебя кое-что спросить),Zapytać (Chcę cię o coś zapytać)
Час (Который час?),Godzina (Która jest godzina?)
Свой (У меня есть свой собственный ключ),Swój (Mam swój własny klucz)
Экзамен (Я сдал экзамен по польскому),Egzamin (Zdałem egzamin z polskiego)
Сделать (Что ты сегодня сделаешь?),Zrobić (Co dzisiaj zrobisz?)
Благодарить (Я благодарю за помощь),Dziękować (Dziękuję za pomoc)
Магазин (Я иду в магазин),Sklep (Idę do sklepu)
Квартира (Я снимаю квартиру в Гданьске),Mieszkanie (Wynajmuję mieszkanie w Gdańsku)
Информация (Мне нужно больше информации),Informacja (Potrzebuję więcej informacji)
Когда (Когда ты приедешь?),Kiedy (Kiedy przyjedziesz?)
Ошибка (Я сделал ошибку в предложении),Błąd (Zrobiłem błąd w zdaniu)
Пример (Приведи мне пример),Przykład (Podaj mi przykład)
Форма (Это новая форма упражнения),Forma (To nowa forma ćwiczenia)
Купить (Я купил новый телефон),Kupić (Kupiłem nowy telefon)
"Знать (Я не знаю, где это)","Wiedzieć (Nie wiem, gdzie to jest)"
Знать (Я знаю эту песню),Znać (Znam tę piosenkę)
Задание (У меня сложное домашнее задание),Zadanie (Mam trudne zadanie domowe)
Высказывание (Твоё высказывание было интересным),Wypowiedź (Twoja wypowiedź była ciekawa)
Написать (Я написал письмо другу),Napisać (Napisałem list do przyjaciela)
Спрашивать (Я люблю спрашивать о разных вещах),Pytać (Lubię pytać o różne rzeczy)
Подробность (Расскажи мне больше подробностей),Szczegół (Opowiedz mi więcej szczegółów)
Наверняка (Я обязательно приду),Pewno (Na pewno przyjdę)
Также (Я также благодарю),Również (Ja również dziękuję)
"Конечно (Конечно, я тебе помогу)","Oczywiście (Oczywiście, że ci pomogę)"
"Один (Один кусок торта, пожалуйста)",Jeden (Jeden kawałek ciasta poproszę)
Завтра (Мы встретимся завтра),Jutro (Spotkamy się jutro)
Связь (Это не имеет отношения к теме),Związek (To nie ma związku z tematem)
Срок (Какой срок сдачи работы?),Termin (Jaki jest termin oddania pracy?)
Сегодня (Сегодня прекрасная погода),Dziś (Dziś jest piękna pogoda)
День (Добрый день!),Dzień (Dzień dobry!)
Кто (Кто это?),Kto (Kto to jest?)
Охотно (Я охотно тебе помогу),Chętnie (Chętnie ci pomogę)
Всегда (Ты всегда добр),Zawsze (Zawsze jesteś miły)
Чем; что (Что ты делаешь?),Co (Co robisz?)
Выбрать (Я выбрал интересный курс),Wybrać (Wybrałem interesujący kurs)
Забронировать (Я забронировал столик в ресторане),Zarezerwować (Zarezerwowałem stolik w restauracji)
Ребёнок (У меня маленький ребёнок),Dziecko (Mam małe dziecko)
Как; в качестве (Я работаю учителем),Jako (Pracuję jako nauczyciel)
Адрес (Дай мне свой адрес),Adres (Podaj mi swój adres)
Мы (Мы едем в отпуск),My (My jedziemy na wakacje)
Страница (Открой пятую страницу),Strona (Otwórz stronę piątą)
Способ (Это хороший способ учиться),Sposób (To dobry sposób nauki)
Содержать (Эта книга содержит много информации),Zawierać (Ta książka zawiera wiele informacji)
Однако (Однако я решил поехать),Jednak (Jednak zdecydowałem się pojechać)
Кухня (Я люблю готовить на новой кухне),Kuchnie (Lubię gotować w nowej kuchni)
Место (Это место красивое),Miejsce (To miejsce jest piękne)
Город (Гданьск — красивый город),Miasto (Gdańsk to piękne miasto)
Вечер (Добрый вечер!),Wieczór (Dobry wieczór!)
Часто (Я часто хожу гулять),Często (Często chodzę na spacer)
Зрение; видеть (Я вижу красивый вид из окна),Widzieć (Widzę piękny widok z okna)
Удовольствие (Это было удовольствие),Przyjemność (To była przyjemność)
День рождения (Я праздную день рождения в июне),Urodzinać (Obchodzę urodziny w czerwcu)
Коллега (ж) (Моя коллега из Польши),Koleżanka (Moja koleżanka jest z Polski)
Новый (У меня новая машина),Nowy (Mam nowy samochód)
Билет (Я купил билет в кино),Bilet (Kupiłem bilet do kina)
Фирма (Я работаю в маленькой фирме),Firma (Pracuję w małej firmie)
Понимать (Я понимаю по-польски),Rozumieć (Rozumiem po polsku)
Где (Где ближайшая остановка?),Gdzie (Gdzie jest najbliższy przystanek?)
Текст (Прочитай этот текст),Tekst (Przeczytaj ten tekst)
Блюдо; дать (Дашь мне свой номер?),Dać (Dasz mi swój numer?)
Бронирование (У меня бронь на сегодня),Rezerwacja (Mam rezerwację na dziś)
Они; он (Он мой друг),On (On jest moim przyjacielem)
Поездка (Я планирую поездку в Польшу),Wyjazd (Planuję wyjazd do Polski)
Повод (Это хороший повод),Okazja (To dobra okazja)
Телефон (Позвони на мой телефон),Telefon (Zadzwoń na mój telefon)
Такой (Такая машина мне нравится),Taki (Taki samochód mi się podoba)
Звонить (Я звоню тебе вечером),Dzwonić (Dzwonię do ciebie wieczorem)
Организовать (Я организовал вечеринку),Zorganizować (Zorganizowałem przyjęcie)
Язык (Я учу польский язык),Język (Uczę się języka polskiego)
Заказать (Я заказал пиццу),Zamówić (Zamówiłem pizzę)
Возможность (У меня есть возможность удалённой работы),Możliwość (Mam możliwość pracy zdalnej)
На самом деле (Ты правда так думаешь?),Naprawdę (Naprawdę tak myślisz?)
Который (Какой фильм ты хочешь посмотреть?),Który (Który film chcesz obejrzeć?)
"Подписать (Подпиши здесь, пожалуйста)","Podpisać (Podpisz tutaj, proszę)"
Пункт (Сделаем второй пункт),Punkt (Zróbmy punkt drugi)
Себя (Я забочусь о себе),Siebie (Dbam o siebie)
Езда (Езда на машине удобна),Jazda (Jazda samochodem jest wygodna)
Поехать (Мы поехали на море),Pojechać (Pojechaliśmy nad morze)
Подать (Можешь передать мне соль?),Podać (Czy możesz podać mi sól?)
Мой (Это моя собака),Mój (To mój pies)
Имя (Меня зовут Анджей),Imię (Mam na imię Andrzej)
Адресат (Адресат этого письма — Ян),Adresat (Adresat tego listu to Jan)
Улица (Я живу на улице Длугой),Ulica (Mieszkam przy ulicy Długiej)
Разговор (У меня был интересный разговор),Rozmowa (Miałem ciekawą rozmowę)
"Вне; кроме (Кроме того, всё в порядке)","Poza (Poza tym, wszystko jest w porządku)"
Фильм (Я смотрю интересный фильм),Film (Oglądam ciekawy film)
Визит (У меня визит к врачу),Wizyta (Mam wizytę u lekarza)
Приглашение (Я получил приглашение на свадьбу),Zaproszenie (Dostałem zaproszenie na ślub)
Выбор (У тебя трудный выбор),Wybór (Masz trudny wybór)
Море (Балтийское море холодное),Morze (Morze Bałtyckie jest zimne)
Путешествие (Поездка на поезде длится три часа),Podróż (Podróż pociągiem trwa trzy godziny)
"Надежда (Я надеюсь, что сдам экзамен)","Nadzieja (Mam nadzieję, że zdam egzamin)"
Извинить (Извините за опоздание),Przepraszać (Przepraszam za spóźnienie)
Тогда (Тогда я был в школе),Wtedy (Wtedy byłem w szkole)
Оборот (Этот оборот сложный),Zwrot (Ten zwrot jest trudny)
Описание (Дай описание своей квартиры),Opis (Podaj opis swojego mieszkania)
Набор (Я купил набор для учёбы),Zestaw (Kupiłem zestaw do nauki)
Принять (Я принял приглашение),Przyjąć (Przyjąłem zaproszenie)
Совет (Мне нужен твой совет),Rada (Potrzebuję twojej rady)
Недавно (Недавно я был в театре),Ostatnio (Ostatnio byłem w teatrze)
Кинотеатр (Мы идём в кино в пятницу),Kino (Idziemy do kina w piątek)
Изменить (Я сменил работу),Zmienić (Zmieniłem pracę)
Парк (Я гуляю в парке),Park (Spaceruję w parku)
Неделя (Через неделю еду в Варшаву),Tydzień (Za tydzień jadę do Warszawy)
"Взять (Возьми зонт, идёт дождь)","Wziąć (Weź parasol, pada deszcz)"
Состояние; встать (Он встал посередине комнаты),Stanąć (Stanął na środku pokoju)
Деньги (У меня мало денег),Pieniądz (Mam mało pieniędzy)
Отлично (Ты отлично справляешься!),Świetnie (Świetnie sobie radzisz!)
Тест (Мы пишем тест по грамматике),Test (Piszemy test z gramatyki)
Рекомендовать (Я рекомендую этот ресторан),Polecać (Polecam tę restaurację)
Быть должным (Я должен идти на работу),Musieć (Muszę iść do pracy)
"Когда (Когда я был ребёнком, я жил в Гданьске)","Gdy (Gdy byłem dzieckiem, mieszkałem w Gdańsku)"
Свадьба (Моя свадьба была в мае),Ślub (Mój ślub był w maju)
Пригласить (Я пригласил друзей на день рождения),Zaprosić (Zaprosiłem przyjaciół na urodziny)
Исправить; ремонт (Ремонт машины стоит дорого),Naprawa (Naprawa samochodu kosztuje dużo)
Отдых (Мне нужен отдых),Wypoczynek (Potrzebuję wypoczynku)
Предложение (У меня интересное предложение работы),Oferta (Mam ciekawą ofertę pracy)
Коллега (Мой коллега по работе говорит по-английски),Kolega (Mój kolega z pracy mówi po angielsku)
Близкий (Это ближе к правде),Bliży (To jest bliższe prawdy)
Сестра (Моя сестра живёт в Кракове),Siostra (Moja siostra mieszka w Krakowie)
Музей (Национальный музей стоит посетить),Muzeum (Muzeum Narodowe jest warte zwiedzenia)
Важный (Это важное дело),Ważny (To jest ważna sprawa)
Сказать (Скажи мне правду),Powiedzieć (Powiedz mi prawdę)
Звучать (Это звучит хорошо),Brzmieć (To brzmi dobrze)
Хорошо (Я чувствую себя хорошо),Dobrze (Czuję się dobrze)
Желать (Желаю тебе всего хорошего),Życzyć (Życzę ci wszystkiego dobrego)
Жизнь (Жизнь в Гданьске приятная),Życie (Życie w Gdańsku jest przyjemne)
Нуждаться (Я нуждаюсь в твоей помощи),Potrzebować (Potrzebuję twojej pomocy)
Другой (У меня другая идея),Inny (Mam inny pomysł)
Любить (Я люблю учить языки),Lubić (Lubię uczyć się języków)
"Думать (Думаю, это хорошая идея)","Myśleć (Myślę, że to dobry pomysł)"
Весь (Все пришли вовремя),Wszyscy (Wszyscy przyszli na czas)
Очень (Большое спасибо),Bardzo (Bardzo dziękuję)
Быстро (Ты говоришь слишком быстро),Szybko (Mówisz zbyt szybko)
Часть (Часть города старая),Część (Część miasta jest stara)
Диалог (Напиши диалог между двумя людьми),Dialog (Napisz dialog między dwiema osobami)
Выполнить (Я выполнил задание),Wykonać (Wykonałem zadanie)
Отметить (Отметь правильный ответ),Zaznaczyć (Zaznacz poprawną odpowiedź)
"Следовать (Из этого следует, что ты прав)","Wynikać (Z tego wynika, że masz rację)"
Вокзал (Главный вокзал в центре),Dworzec (Dworzec Główny jest w centrum)
Причина (Какая причина твоего визита?),Powód (Jaki jest powód twojej wizyty?)
Команда (Я играл в музыкальной группе),Zespół (Grałem w zespole muzycznym)
Сдать; мнение (Я сдал экзамен отлично),Zdać (Zdałem egzamin celująco)
Курс (Я запишусь на курс польского),Kurs (Zapiszę się na kurs polskiego)
В течение (В течение дня я работаю),Ciąg (W ciągu dnia pracuję)
Ситуация (Ситуация сложная),Sytuacja (Sytuacja jest trudna)
Гора (Завтра мы идём в горы),Góra (Jutro idziemy w góry)
Дело (Это важное дело),Sprawa (To ważna sprawa)
Поддержать (Поддержи меня в этом деле),Wesprzeć (Wesprzyj mnie w tej sprawie)
Попробовать (Попробуй этот пирог),Spróbować (Spróbuj tego ciasta)
Кондитерская (Эта кондитерская имеет вкусные пирожные),Cukiernia (Ta cukiernia ma pyszne ciastka)
Участие (Я принимаю участие в курсе),Udział (Biorę udział w kursie)
Польский; Польша (Польша — красивая страна),Polska (Polska to piękny kraj)
Некоторый (Некоторые слова сложные),Niektóry (Niektóre słowa są trudne)
Встреча (У меня встреча в пять),Spotkanie (Mam spotkanie o piątej)
Отель (Я забронировал номер в отеле),Hotel (Zarezerwowałem pokój w hotelu)
"Жаль (Мне жаль, но я не могу прийти)","Przykro (Przykro mi, ale nie mogę przyjść)"
Приятно (Приятно познакомиться),Miło (Miło cię poznać)
Прийти (Приди ко мне завтра),Przyjść (Przyjdź do mnie jutro)
Сегодня (Сегодня холодно),Dzisiaj (Dzisiaj jest zimno)
Наш (Наш дом недалеко),Nasz (Nasz dom jest niedaleko)
"Порядок (Пожалуйста, соблюдайте порядок)",Porządek (Proszę utrzymać porządek)
"Даже (Я даже не знаю, что сказать)","Nawet (Nawet nie wiem, co powiedzieć)"
Ходить (Я хожу гулять каждый день),Chodzić (Chodzę na spacer codziennie)
Говорить (Я говорю по-польски),Mówić (Mówię po polsku)
Книга (Я читаю интересную книгу),Książka (Czytam ciekawą książkę)
Весь (Все вещи на столе),Wszystka (Wszystkie rzeczy są na stole)
Цена (Цена билета — двадцать злотых),Cena (Cena biletu to dwadzieścia złotych)
Злотый (Это стоит десять злотых),Złot (To kosztuje dziesięć złotych)
"Подчеркнуть (Хочу подчеркнуть, что это важно)","Podkreślić (Chcę podkreślić, że to ważne)"
Мочь (Мы могли бы пойти гулять),Moglibyśmy (Moglibyśmy pójść na spacer)
Событие (Это важное событие),Wydarzenie (To ważne wydarzenie)
Месяц (Месяц назад я был в Варшаве),Miesiąc (Miesiąc temu byłem w Warszawie)
Ответ (Я знаю ответ на этот вопрос),Odpowiedź (Znam odpowiedź na to pytanie)
Письмо (Я написал длинное письмо),List (Napisałem długi list)
Содержание (Содержание письма было грустным),Treść (Treść listu była smutna)
Мужчина (Этот мужчина — мой брат),Mężczyzna (Ten mężczyzna to mój brat)
Оба (Оба решения хороши),Obydwa (Obydwa rozwiązania są dobre)
Скобка (В скобках напиши пример),Nawias (W nawiasie napisz przykład)
Состоять (Предложение состоит из слов),Składać (Zdanie składa się ze słów)
Предложение (Составь предложение по-польски),Zdanie (Ułóż zdanie po polsku)
Пробовать (Я пытаюсь выучить польский),Próbować (Próbuję nauczyć się polskiego)
Вечеринка (Я был на классной вечеринке),Impreza (Byłem na fajnej imprezie)
Играть (Я играю в футбол),Grać (Gram w piłkę nożną)
Интересный (Это интересный фильм),Ciekawy (To jest ciekawy film)
Театр (Мы идём в театр в субботу),Teatr (Idziemy do teatru w sobotę)
Группа (Я учусь в группе),Grupa (Uczę się w grupie)
Зал (Лекционный зал большой),Sala (Sala wykładowa jest duża)
Учитель (Мой учитель требовательный),Nauczyciel (Mój nauczyciel jest wymagający)
Урок (У меня урок польского в десять),Lekcja (Mam lekcję polskiego o dziesiątej)
Лекарство (Мне нужно принять лекарство),Lek (Muszę wziąć lek)
Страна (Польша — моя любимая страна),Kraj (Polska to mój ulubiony kraj)
Слушать (Слушай внимательно),Słuchaj (Słuchaj uważnie)
Ничто (Ничего не понимаю),Nic (Nic nie rozumiem)
Всё (Всё в порядке),Wszystko (Wszystko w porządku)
Голова (У меня болит голова),Głowa (Boli mnie głowa)
Акция (Сюжет фильма был интересным),Akcja (Akcja filmu była ciekawa)
Делать (Что ты делаешь в выходные?),Robić (Co robisz w weekend?)
Приятный (Ты очень приятный),Miły (Jesteś bardzo miły)
Целый (Весь день идёт дождь),Cały (Cały dzień pada deszcz)
Свободный (Ты свободен в пятницу?),Wolny (Czy jesteś wolny w piątek?)
Идея (У меня отличная идея),Pomysł (Mam świetny pomysł)
Имейл (Отправь мне имейл),Mail (Wyślij mi maila)
Случиться (Случилось что-то важное),Stać (Stało się coś ważnego)
Доступный (Этот курс доступен онлайн),Dostępny (Ten kurs jest dostępny online)
Пятница (В пятницу я иду в кино),Piątek (W piątek idę do kina)
Подтвердить (Подтверждаю получение сообщения),Potwierdzić (Potwierdzam odbiór wiadomości)
Спасибо; благодаря (Спасибо за помощь),Dzięki (Dzięki za pomoc)
Потребность (Нет нужды спешить),Potrzeba (Nie ma potrzeby się spieszyć)
Должен (Ты должен отдохнуть),Powinien (Powinieneś odpocząć)
Остаться (Останься со мной),Zostać (Zostań ze mną)
Собрать (Я собрал все документы),Zebrać (Zebrałem wszystkie dokumenty)
Узнавать (Я узнаю новые вещи),Dowiadywać (Dowiaduję się nowych rzeczy)
Соответствовать; согласный (Это соответствует правде),Zgodny (To jest zgodne z prawdą)
Прикладывать; пример (Прикладывай усилия к учёбе),Przykładać (Przykładaj się do nauki)
Выражение (Это трудное выражение),Wyraz (To trudne wyrażenie)
Спасательный (Позвони в скорую помощь),Ratunkowy (Zadzwoń na pogotowie ratunkowe)
Разговаривать (Я люблю разговаривать с друзьями),Rozmawiać (Lubię rozmawiać z przyjaciółmi)
Салон (Я иду в парикмахерскую),Salon (Idę do salonu fryzjerskiego)
Врач (Мне нужно идти к врачу),Lekarz (Muszę iść do lekarza)
Семейный (У нас семейная встреча),Rodzinny (Mamy rodzinne spotkanie)
Знакомые (Я навестил знакомых в Гданьске),Znajomych (Odwiedziłem znajomych w Gdańsku)
Встретить (Я встретил его в магазине),Spotkać (Spotkałem go w sklepie)
Директор (Директор школы говорит по-английски),Dyrektor (Dyrektor szkoły mówi po angielsku)
Разный (У нас разные мнения),Różny (Mamy różne zdania)
Экскурсия (Я люблю велосипедные поездки),Wycieczki (Lubię wycieczki rowerowe)
Цель (Какая цель твоего визита?),Cel (Jaki jest cel twojej wizyty?)
Городской (Городской автобус едет в центр),Miejski (Autobus miejski jedzie do centrum)
Постоянно (Постоянно идёт дождь),Ciągle (Ciągle pada deszcz)
Авто (У меня новая машина),Auto (Mam nowe auto)
Велосипед (Я еду на работу на велосипеде),Rower (Jadę do pracy rowerem)
Конкурс (Я принимаю участие в конкурсе),Konkurs (Biorę udział w konkursie)
Школа (Моя школа недалеко),Szkoła (Moja szkoła jest niedaleko)
Дедушка (Моему дедушке семьдесят лет),Dziadek (Mój dziadek ma siedemdziesiąt lat)
Торт (Я сделал торт на день рождения),Tort (Zrobiłem tort na urodziny)
Спектакль (Спектакль в театре был великолепным),Spektakl (Spektakl w teatrze był wspaniały)
Выехать (Я выехал из Варшавы утром),Wyjechać (Wyjechałem z Warszawy rano)
Сериал (Я смотрю интересный сериал),Serial (Oglądam ciekawy serial)
"Оказаться (Оказалось, что ты прав)","Okazać (Okazało się, że masz rację)"
Покупка (Я сделал покупки в супермаркете),Zakup (Zrobiłem zakupy w supermarkecie)
Комната; мир (У меня маленькая комната),Pokój (Mam mały pokój)
Каникулы (Я планирую каникулы на море),Wakacje (Planuję wakacje nad morzem)
Находить (Где находится вокзал?),Znajdować (Gdzie znajduje się dworzec?)
Правый (Поверни направо),Prawa (Skręć w prawo)
"Чтобы (Я сделаю это, чтобы ты был доволен)","Żeby (Zrobię to, żebyś był zadowolony)"
Сообщение (Я получил важное сообщение),Wiadomość (Dostałem ważną wiadomość)
Дата (Какая сегодня дата?),Data (Jaka jest dzisiejsza data?)
Насморк (У меня насморк и кашель),Katar (Mam katar i kaszel)
Получить (Я получил подарок от друга),Dostać (Dostałem prezent od przyjaciela)
Сын (Мой сын ходит в школу),Syn (Mój syn chodzi do szkoły)
Рекомендовать (Я рекомендую тебе эту книгу),Polecić (Polecam ci tę książkę)
Данные (Дай мне свои личные данные),Dane (Podaj mi swoje dane osobowe)
Понедельник (В понедельник я начинаю работу),Poniedziałek (W poniedziałek zaczynam pracę)
Интересовать (Я интересуюсь фотографией),Interesować (Interesuję się fotografią)
Стоит (Стоит учить языки),Warto (Warto uczyć się języków)
Близкий (В ближайшее время еду в Краков),Najbliższym (W najbliższym czasie jadę do Krakowa)
Поддержка (Спасибо за поддержку),Wsparcie (Dziękuję za wsparcie)
Слышать (Я слышу музыку из соседней комнаты),Słyszeć (Słyszę muzykę z pokoju obok)
Будущее (В будущем я хочу жить в Гданьске),Przyszłość (W przyszłości chcę mieszkać w Gdańsku)
Пойти (Я пойду в магазин за покупками),Pójść (Pójdę do sklepu po zakupy)
Объявление (Я нашёл объявление о работе),Ogłoszenie (Znalazłem ogłoszenie o pracy)
Слушать (Я люблю слушать музыку),Słuchać (Lubię słuchać muzyki)
Смотреть (Я смотрю телевизор вечером),Oglądać (Oglądam telewizję wieczorem)
Абонемент (Я купил абонемент в спортзал),Karnet (Kupiłem karnet na siłownię)
Возможный (Это возможно?),Możliwy (Czy to możliwe?)
Работать (Я работаю в офисе),Pracować (Pracuję w biurze)
Многие (У меня много обязанностей),Wiele (Mam wiele obowiązków)
Гость (Гости пришли в восемь),Gość (Goście przyszli o ósmej)
Предмет (Какой твой любимый предмет?),Przedmiot (Jaki jest twój ulubiony przedmiot?)
Вежливый (Это вежливая форма),Grzecznościowy (To forma grzecznościowa)
Телевидение (Я смотрю телевизор),Telewizja (Oglądam telewizję)
По истечении (По истечении срока мы не принимаем возвраты),Upływ (Po upływie terminu nie przyjmujemy zwrotów)
Дополнить (Заполни пропуски в тексте),Uzupełnić (Uzupełnij braki w tekście)
Услуга (Эта услуга дорогая),Usługa (Ta usługa jest droga)
Приглашать (Я приглашаю тебя к себе),Zapraszać (Zapraszam cię do mnie)
Друг (Мой друг живёт в Гданьске),Przyjaciel (Mój przyjaciel mieszka w Gdańsku)
Служебный (У меня служебная машина),Służbowy (Mam służbowy samochód)
Проинформировать (Я проинформирую тебя о результате),Poinformować (Poinformuję cię o wyniku)
Извиниться (Я хочу извиниться перед тобой за вчерашнее),Przeprosić (Chcę cię przeprosić za wczoraj)
Соответственно (Оденься соответственно погоде),Odpowiednio (Ubierz się odpowiednio do pogody)
Занимать (Я занимаюсь программированием),Zajmować (Zajmuję się programowaniem)
Коммуникация (Городской транспорт хороший),Komunikacja (Komunikacja miejska jest dobra)
Арендовать (Я снял квартиру в Гданьске),Wynająć (Wynająłem mieszkanie w Gdańsku)
Выходной (В выходные еду на море),Weekend (W weekend jadę nad morze)
Прокат (Прокат велосипедов рядом),Wypożyczalnia (Wypożyczalnia rowerów jest obok)
Убедить (Я убедил его в своей идее),Przekonać (Przekonałem go do swojego pomysłu)
Автомобиль (У меня красная машина),Samochód (Mam czerwony samochód)
Покупать (Я покупаю еду на рынке),Kupować (Kupuję jedzenie na targu)
Планировать (Я планирую отпуск в июле),Planować (Planuję wakacje w lipcu)
Мама (Моя мама готовит обед),Mama (Moja mama gotuje obiad)
Позвонить (Позвони мне вечером),Zadzwonić (Zadzwoń do mnie wieczorem)
Член (Я член клуба),Członek (Jestem członkiem klubu)
Дополнительный (У меня есть дополнительный билет),Dodatkowy (Mam dodatkowy bilet)
Аттракцион (В Гданьске много достопримечательностей),Atrakcja (Gdańsk ma wiele atrakcji)
Требование (Это требование сложное),Wymaganie (To wymaganie jest trudne)
Принадлежать; следовать (Это принадлежит мне),Należeć (To należy do mnie)
Эпизод (Я смотрю новую серию сериала),Odcinek (Oglądam nowy odcinek serialu)
Сосед (Мой сосед приятный),Sąsiad (Mój sąsiad jest miły)
"Подъезд (Я живу на третьем этаже, подъезд B)","Klatka (Mieszkam na trzecim piętrze, klatka B)"
Квартплата (Я плачу квартплату каждый месяц),Czynsz (Płacę czynsz co miesiąc)
Панельный дом (Я живу в панельном доме),Blok (Mieszkam w bloku z wielkiej płyty)
Цвет (Я купил цветы для жены),Kwiat (Kupiłem kwiaty dla żony)
Давно (Давно тебя не видел),Dawno (Dawno cię nie widziałem)
"Затем (Сначала иди прямо, затем поверни налево)","Następnie (Najpierw idź prosto, następnie skręć w lewo)"
Уровень (Какой у тебя уровень польского?),Poziom (Jaki jest twój poziom polskiego?)
"Слышать (Я слышу, что ты говоришь по-польски)","Słyszać (Słyszę, że mówisz po polsku)"
Приехать (Я приехал поездом),Przyjechać (Przyjechałem pociągiem)
"Внимание (Внимание, ступеньки!)","Uwaga (Uwaga, schody!)"
Горло (У меня болит горло),Gardło (Boli mnie gardło)
Занять (Займи мне это место),Zająć (Zajmij mi to miejsce)
Конкретно (Говори конкретно),Konkretnie (Mów konkretnie)
Некий; уверенный (Я уверен в своей правоте),Pewny (Jestem pewny swojej racji)
Мастер по ремонту (Мастер починил стиральную машину),Serwisant (Serwisant naprawił pralkę)
Описать (Опиши свою комнату),Opisać (Opisz swój pokój)
Связаться (Свяжись со мной),Skontaktować (Skontaktuj się ze mną)
Подходящий (Это подходящий момент),Odpowiedni (To odpowiedni moment)
Контакт (У меня есть контакт хорошего врача),Kontakt (Mam kontakt do dobrego lekarza)
Правота (Ты прав),Racja (Masz rację)
Удаться (Мне удалось сдать экзамен),Udać (Udało mi się zdać egzamin)
Могла бы (Ты могла бы мне помочь?),Mogłabyś (Mogłabyś mi pomóc?)
Кто-то (Кто-то звонит),Ktoś (Ktoś dzwoni)
Правило (Это простое правило),Zasada (To prosta zasada)
Вопрос (У меня вопрос),Pytanie (Mam pytanie)
Искать (Я ищу хороший отель),Szukać (Szukam dobrego hotelu)
Маленький (У меня маленькая квартира),Mały (Mam małe mieszkanie)
Два (У меня два билета),Dwa (Mam dwa bilety)
Записать (Я записался на курс),Zapisać (Zapisałem się na kurs)
Род (Какой это род? Мужской или женский?),Rodzaj (Jaki to rodzaj? Męski czy żeński?)
Пакет (Я купил пакет услуг),Pakiet (Kupiłem pakiet usług)
Распоряжение (Я в твоём распоряжении),Dyspozycja (Jestem do twojej dyspozycji)
Узнать (Я узнал кое-что новое),Dowiedzieć (Dowiedziałem się czegoś nowego)
Зависеть (Это зависит от тебя),Zależeć (To zależy od ciebie)
Навык (У меня есть навык готовки),Umiejętność (Mam umiejętność gotowania)
Проект (Я работаю над новым проектом),Projekt (Pracuję nad nowym projektem)
Центр (Центр города красивый),Centrum (Centrum miasta jest piękne)
Найти (Я нашёл хороший ресторан),Znaleźć (Znalazłem dobrą restaurację)
Трудно (Трудно сказать),Trudno (Trudno powiedzieć)
Частный (Это частное дело),Prywatny (To sprawa prywatna)
Начать (Я начал учить польский),Zacząć (Zacząłem naukę polskiego)
Среда (В среду я иду в бассейн),Środa (W środę idę na basen)
Фактически (Фактически ты прав),Faktycznie (Faktycznie masz rację)
Момент (Подожди минуту),Chwila (Poczekaj chwilę)
Добро; благо (Я сделал это для твоего блага),Dobro (Zrobiłem to dla twojego dobra)
Приветствовать; передать привет (Передай от меня привет своей семье),Pozdrowieć (Pozdrów ode mnie swoją rodzinę)
Следующий (Ответь на следующие вопросы),Następujący (Odpowiedz na następujące pytania)
Элемент (Этот элемент важный),Element (Ten element jest ważny)
Имя (Какое у тебя имя? [диал.]),Imno (Jakie masz imię?)
Бабушка (Моей бабушке восемьдесят лет),Babcia (Moja babcia ma osiemdziesiąt lat)
Мнение (Какое твоё мнение?),Opinia (Jaka jest twoja opinia?)
Наступить (Наступило изменение планов),Nastąpić (Nastąpiła zmiana planów)
Перерыв (Сделаем перерыв на кофе),Przerwa (Zróbmy przerwę na kawę)
Далёкий (У меня дальняя поездка),Daleki (Mam daleki wyjazd)
"Выслушать (Выслушай меня, пожалуйста)","Wysłuchać (Wysłuchaj mnie, proszę)"
Колонка (Прочитай текст в левой колонке),Kolumna (Przeczytaj tekst w lewej kolumnie)
Прочитать (Я прочитал интересную книгу),Przeczytać (Przeczytałem ciekawą książkę)
Свыше (Мне свыше тридцати лет),Ponad (Mam ponad trzydzieści lat)
Авария (У меня была автомобильная авария),Wypadek (Miałem wypadek samochodowy)
Собака (У меня собака породы голден ретривер),Pies (Mam psa rasy golden retriever)
Начальник (Мой начальник требовательный),Szef (Mój szef jest wymagający)
Выставка (Я был на выставке в музее),Wystawa (Byłem na wystawie w muzeum)
План (У меня план на выходные),Plan (Mam plan na weekend)
Объяснять (Объясни мне это ещё раз),Wyjaśniać (Wyjaśnij mi to jeszcze raz)
Причёска (У меня новая причёска),Fryzura (Mam nową fryzurę)
Средство; центр (Это центр города),Środek (To jest środek miasta)
Сотрудник (Я сотрудник банка),Pracownik (Jestem pracownikiem banku)
"Объяснение (Пожалуйста, объяснение)",Wyjaśnieć (Proszę o wyjaśnienie)
"Блюдо (Пожалуйста, блюдо дня)",Danie (Poproszę danie dnia)
Бояться (Не бойся),Bać (Nie bój się)
Награда (Я получил награду в конкурсе),Nagroda (Dostałem nagrodę w konkursie)
Идти (Я иду домой),Iść (Idę do domu)
Система (Новая система работает хорошо),System (Nowy system działa dobrze)
Поезд (Поезд в Гданьск отправляется в пять),Pociąg (Pociąg do Gdańska odjeżdża o piątej)
Блюдо (Это блюдо острое),Potrawa (Ta potrawa jest pikantna)
Столик (Забронируй столик на двоих),Stolik (Zarezerwuj stolik dla dwóch osób)
Обсудить (Мы обсудим это завтра),Omówić (Omówimy to jutro)
Касаться (Это касается нашего договора),Dotyczyć (To dotyczy naszej umowy)
Заинтересовать (Я хочу тебя заинтересовать этим проектом),Zainteresować (Chcę cię zainteresować tym projektem)
Предлагать (Я предлагаю пойти в кино),Proponować (Proponuję pójść do kina)
Чемодан (Упакуй чемодан для поездки),Walizka (Spakuj walizkę na wyjazd)
"Куртка (Возьми куртку, холодно)","Kurtka (Weź kurtkę, jest zimno)"
Подарок (Я получил подарок на день рождения),Prezent (Dostałem prezent urodzinowy)
Предложение (У меня есть предложение для тебя),Propozycja (Mam propozycję dla ciebie)
Сообщество (Мы живём в жилищном товариществе),Wspólnota (Mieszkamy we wspólnocie mieszkaniowej)
Воля (У меня свободная воля),Wola (Mam wolną wolę)
Простой (Это простой вопрос),Prosty (To jest proste pytanie)
Около (Встретимся около пяти),Około (Spotkajmy się około piątej)
Решить (Мне нужно решить это задание),Rozwiązać (Muszę rozwiązać to zadanie)
Посетить (Я навестил знакомых в Гданьске),Odwiedzić (Odwiedziłem znajomych w Gdańsku)
Вскоре (Скоро приеду),Wkrótce (Wkrótce przyjadę)
Дождаться (Не могу дождаться каникул),Doczekać (Nie mogę się doczekać wakacji)
Суббота (В субботу мы идём на концерт),Sobota (W sobotę idziemy na koncert)
Кашель (У меня сухой кашель),Kaszel (Mam suchy kaszel)
Беспокоиться (Не беспокойся),Martwić (Nie martw się)
Отправить (Отправь мне имейл),Wysłać (Wyślij mi maila)
Работать (Этот компьютер не работает),Działać (Ten komputer nie działa)
Какой-либо (У тебя есть какие-либо вопросы?),Jakikolwiek (Masz jakieś pytania?)
Отличный (Это отличная идея!),Świetny (To świetny pomysł!)
Особенно (Особенно я люблю лето),Szczególnie (Szczególnie lubię lato)
Ждать (Я жду тебя),Czekać (Czekam na ciebie)
Конец (Конец урока),Koniec (Koniec lekcji)
Гид (Я купил путеводитель по Гданьску),Przewodnik (Kupiłem przewodnik po Gdańsku)
Сомнение (У меня есть сомнения),Wątpliwość (Mam wątpliwości)
Фрагмент (Прочитай фрагмент текста),Fragment (Przeczytaj fragment tekstu)
Парикмахерский (Я иду в парикмахерскую),Fryzjerski (Idę do salonu fryzjerskiego)
Оборудование (Я купил новое оборудование для кухни),Sprzęt (Kupiłem nowy sprzęt do kuchni)
Участник (Я участник курса),Uczestnik (Jestem uczestnikiem kursu)
Задаток (Я внёс задаток),Zaliczki (Wpłaciłem zaliczkę)
Модель (Я купил новую модель телефона),Model (Kupiłem nowy model telefonu)
Обязанность (У меня домашние обязанности),Obowiązek (Mam obowiązki domowe)
Линия (Нарисуй прямую линию),Lić (Narysuj linię prostą)
Короткий (Это короткий текст),Krótki (To krótki tekst)
Предложить (Я предложил новый план),Zaproponować (Zaproponowałem nowy plan)
Понимание (Спасибо за понимание),Zrozumienie (Dziękuję za zrozumienie)
Мир (Я хочу путешествовать по всему миру),Świat (Chcę podróżować po całym świecie)
Занятие (У меня занятия по польскому),Zajęcia (Mam zajęcia z polskiego)
Сеанс (Сеанс начинается в восемь),Seans (Seans zaczyna się o ósmej)
Клуб (Мы идём в клуб в пятницу),Klub (Idziemy do klubu w piątek)
Пользоваться (Я пользуюсь интернетом каждый день),Korzystać (Korzystam z internetu codziennie)
"Меню (Принесите меню, пожалуйста)","Menu (Poproszę menu, proszę)"
Долго (Я долго ждал автобус),Długo (Długo czekałem na autobus)
Получить (Я получил твоё сообщение),Otrzymać (Otrzymałem twoją wiadomość)
Соединить (Соедини точки),Połączyć (Połącz kropki)
Приветствовать (Приветствую всех),Pozdrawiać (Pozdrawiam wszystkich)
Правильный (Это правильный ответ),Poprawny (To jest poprawna odpowiedź)
Правильный (Это правильный адрес),Właściwy (To jest właściwy adres)
Сентябрь (Сентябрь — мой любимый месяц),Wrzesień (Wrzesień to mój ulubiony miesiąc)
Три (У меня три сестры),Trzy (Mam trzy siostry)
Окончание (Окончание фильма было грустным),Zakończenie (Zakończenie filmu było smutne)
Интерес (У меня есть интерес к фотографии),Zainteresowanie (Mam zainteresowanie fotografią)
Спорт (Я занимаюсь спортом три раза в неделю),Sport (Uprawiam sport trzy razy w tygodniu)
Рекомендация (Спасибо за рекомендацию),Polecenie (Dziękuję za polecenie)
Длина (Какая длина этого текста?),Długość (Jaka jest długość tego tekstu?)
Человек (Каждый человек имеет мечты),Człowiek (Każdy człowiek ma marzenia)
Записать (Запиши эту песню),Nagrać (Nagraj tę piosenkę)
Воспроизвести (Воспроизведи фильм),Odtworzyć (Odtwórz film)
Подобрать (Подбери предложения к картинкам),Dopasować (Dopasuj zdania do obrazków)
Рамка (Вставь фото в рамку),Ramek (Wstaw zdjęcie w ramkę)
Пассажир (Пассажиров просят занять места),Pasażer (Pasażerowie proszeni są o zajęcie miejsc)
Свидетель (Я был свидетелем аварии),Świadek (Byłem świadkiem wypadku)
Дорожный (Это дорожный знак),Drogowy (To jest znak drogowy)
Качество (Качество этого продукта хорошее),Jakość (Jakość tego produktu jest dobra)
Недавно (Недавно я переехал в Гданьск),Niedawno (Niedawno przeprowadziłem się do Gdańska)
Брать (Я принимаю лекарства каждый день),Brać (Biorę leki codziennie)
Позволять (Я разрешаю тебе идти на вечеринку),Pozwalać (Pozwalam ci iść na imprezę)
Описывать (Описываю свой город),Opisywać (Opisuję swoje miasto)
Широкий (Улица очень широкая),Szeroki (Ulica jest bardzo szeroka)
Передавать (Передай ему информацию),Przekazywać (Przekaż mu informację)
Подруга (Моя подруга из Украины),Przyjaciółka (Moja przyjaciółka jest z Ukrainy)
Ужин (Я пригласил её на ужин),Kolacja (Zaprosiłem ją na kolację)
"Утешать (Утешь его, он грустный)","Pocieszać (Pociesz go, jest smutny)"
Поддерживать (Я всегда поддерживаю друзей),Wspierać (Zawsze wspieram przyjaciół)
Ремонт (У нас ремонт в квартире),Remonć (Mamy remont w mieszkaniu)
Записывать (Я записываю новые слова),Zapisywać (Zapisuję nowe słowa)
Фирменный (У меня фирменный ноутбук),Firmowy (Mam firmowy laptop)
Работодатель (Мой работодатель добрый),Pracodawca (Mój pracodawca jest miły)
Английский (Я говорю по-английски),Angielski (Mówię po angielsku)
Старый (Это старое здание),Stary (To jest stary budynek)
Руководитель (Я руководитель проекта),Kierownik (Jestem kierownikiem projektu)
Изменение (У меня смена на работе в семь),Zmiana (Mam zmianę w pracy o siódmej)
Остановка (Автобус останавливается на остановке),Przystanka (Autobus zatrzymuje się na przystanku)
Малыш (Мой малыш трёх лет),Maluch (Moj maluch ma trzy lata)
Голос (У тебя красивый голос),Głos (Masz piękny głos)
Выступать (Я выступаю в музыкальной группе),Występować (Występuję w zespole muzycznym)
Убеждать (Я убеждаю его в своём плане),Przekonywać (Przekonuję go do swojego planu)
Отчёт (Напиши отчёт о проекте),Sprawozdanie (Napisz sprawozdanie z projektu)
Провести (Я провёл каникулы на море),Spędzić (Spędziłem wakacje nad morzem)
Ехать (Я еду в Варшаву поездом),Jechać (Jadę do Warszawy pociągiem)
Отпуск (У меня отпуск в августе),Urlop (Mam urlop w sierpniu)
Жена (Моя жена — врач),Żona (Moja żona jest lekarką)
Лыжи (Я еду кататься на лыжах в горы),Narty (Jadę na narty w góry)
"Забрать; ответить (Ответь на звонок, пожалуйста)","Odebrać (Odbierz telefon, proszę)"
Забота; опека (Ребёнок нуждается в заботе),Opieka (Dziecko potrzebuje opieki)
"Открыть (Открой окно, пожалуйста)","Otworzyć (Otwórz okno, proszę)"
Дверь (Закрой дверь),Drzwi (Zamknij drzwi)
Взять напрокат (Я взял напрокат велосипед),Wypożyczyć (Wypożyczyłem rower)
Спортзал (Я хожу в спортзал два раза в неделю),Siłowny (Chodzę na siłownię dwa razy w tygodniu)
Касса (Я плачу в кассе),Kasa (Płacę przy kasie)
Муж (Мой муж — программист),Mąż (Mój mąż jest programistą)
Традиционный (Это традиционное польское блюдо),Tradycyjny (To jest tradycyjne polskie danie)
Бронировать (Я бронирую столик на завтра),Rezerwować (Rezerwuję stolik na jutro)
Еда (Эта еда вкусная),Jedzenie (To jedzenie jest smaczne)
Кот (У меня чёрный кот),Kot (Mam czarnego kota)
Вместо (Вместо кофе возьми чай),"Zamiast (Zamiast kawy, weź herbatę)"
Авария (У нас была авария электричества),Awaria (Mieliśmy awarię prądu)
Отсутствие (Его отсутствие было заметно),Nieobecność (Jego nieobecność była zauważalna)
Владелец (Владелец магазина приятный),Właściciel (Właściciel sklepu jest miły)
Полюбить (Я полюбил этот город с первого взгляда),Ulubić (Ulubiłem to miasto od pierwszego wejrzenia)
Случай (Это был случай),Przypadek (To był przypadek)
Причина (Какова причина проблемы?),Przyczyna (Jaka jest przyczyna problemu?)
Организовать (Я организую вечеринку на день рождения),Organizować (Organizuję przyjęcie urodzinowe)
Штраф (Я получил штраф за парковку),Mandat (Dostałem mandat za parkowanie)
"Зато; однако (Он любит кофе, а я предпочитаю чай)","Natomiast (On lubi kawę, natomiast ja wolę herbatę)"
Автобус (Автобус едет в центр),Autobus (Autobus jedzie do centrum)
Поведение (Твоё поведение было неподобающим),Zachowanie (Twoje zachowanie było niewłaściwe)
Реакция (Его реакция была смешной),Reakcja (Jego reakcja była śmieszna)
"Искренне (Честно говоря, я не знаю)","Szczerze (Szczerze mówiąc, nie wiem)"
Счастливый (Я счастлив в Гданьске),Szczęśliwy (Jestem szczęśliwy w Gdańsku)
Вы (Вы — мои друзья),Wy (Wy jesteście moimi przyjaciółmi)
Торжество (Торжество началось в десять),Uroczystość (Uroczystość rozpoczęła się o dziesiątej)
День рождения (Когда у тебя день рождения?),Urodzina (Kiedy masz urodziny?)
Семья (Моя семья живёт в Гданьске),Rodzina (Moja rodzina mieszka w Gdańsku)
Подготовить (Я подготовил презентацию),Przygotować (Przygotowałem prezentację)
Зависимость (Это зависимость от погоды),Zależność (To zależność od pogody)
Найти (Ты найдёшь это в интернете),Znajdziesz (Znajdziesz to w internecie)
Рассмотреть (Я рассмотрю твоё предложение),Rozważyć (Rozważę twoją propozycję)
Большой палец (Держи кулачки!),Kciuk (Trzymaj kciuki!)
Отдых (Мне нужен отдых),Odpoczynek (Potrzebuję odpoczynku)
Осмотреть (Я осмотрел Старый город в Гданьске),Zwiedzić (Zwiedziłem Stare Miasto w Gdańsku)
Скорее (Скорее я предпочитаю чай),Raczej (Raczej wolę herbatę)
Индивидуальный (У меня индивидуальные уроки польского),Indywidualny (Mam indywidualne lekcje polskiego)
Каждый (Каждый день разный),Każdy (Każdy dzień jest inny)
Трудный (Это трудное задание),Trudny (To jest trudne zadanie)
Тяжело (Я работаю тяжело),Ciężko (Pracuję ciężko)
Боль (У меня болит голова),Ból (Mam ból głowy)
Документ (Подпиши этот документ),Dokument (Podpisz ten dokument)
Перед (Перед выходом проверь погоду),Przed (Przed wyjściem sprawdź pogodę)
Мебель (Я купил новую мебель в гостиную),Mebel (Kupiłem nowy mebel do salonu)
Пан; вы (Пан Ковальский — директор),Pan (Pan Kowalski jest dyrektorem)
Опция (У меня есть лучший вариант),Opcja (Mam lepszą opcję)
Именно; как раз (Я только что вернулся домой),Właśnie (Właśnie wróciłem do domu)
Автор (Кто автор этой книги?),Autor (Kto jest autorem tej książki?)
Столько (Столько людей пришло!),Tyle (Tyle osób przyszło!)
Веселье (Хорошее веселье гарантировано),Zabawa (Dobra zabawa gwarantowana)
Отдыховый (Я купил дом отдыха у моря),Wypoczynkowy (Kupiłem dom wypoczynkowy nad morzem)
Зал (Зал был полон людей),Sala (Sala była pełna ludzi)
Тип (Какой это тип фильма?),Typ (Jaki to typ filmu?)
"Подумать (Подумай, прежде чем ответить)","Zastanowić (Zastanów się, zanim odpowiesz)"
Совершить (Я совершил выбор),Dokonać (Dokonałem wyboru)
Забрать (Возьми с собой зонт),Zabrać (Zabierz ze sobą parasol)
Начало (Начало фильма было скучным),Początek (Początek filmu był nudny)
Вернуть; обратить (Обрати внимание на детали),Zwrócić (Zwróć uwagę na szczegóły)
Развивать (Я развиваю свои навыки),Rozwijać (Rozwijam swoje umiejętności)
Радоваться (Я рад тебя видеть),"Cieszyć (Cieszę się, że cię widzę)"
Родитель (Мои родители живут в Кракове),Rodzic (Moi rodzice mieszkają w Krakowie)
Происходить (Что происходит?),Dziać (Co się dzieje?)
Первый (Это мой первый раз в Гданьске),Pierwszy (To mój pierwszy raz w Gdańsku)
Тушить (Я тушу мясо на сковороде),Dusić (Duszę mięso na patelni)
"Карта (Принесите меню, пожалуйста)",Karta (Poproszę kartę dań)
Стоматологический (У меня визит к стоматологу),Stomatologiczny (Mam wizytę u stomatologa)
Нужный (Этот документ нужен),Potrzebny (Ten dokument jest potrzebny)
Здоровье (Твоё здоровье — самое важное),Zdrowie (Twoje zdrowie jest najważniejsze)
Большой (У меня большой дом),Duży (Mam duży dom)
Дорога (Дорога в Гданьск занимает три часа),Droga (Droga do Gdańska zajmuje trzy godziny)
Специальный (Это особый случай),Specjalny (To specjalna okazja)
Поднять (Подними руку),Podnieść (Podnieś rękę)
Утро (Я встаю утром в семь),Rano (Wstaję rano o siódmej)
Проходить (Уроки проходят по понедельникам),Odbywać (Lekcje odbywają się w poniedziałki)
Предлагать (Фирма предлагает хорошие условия),Oferywać (Firma oferuje dobre warunki)
Пчела (Пчёлы производят мёд),Pszczoła (Pszczoły produkują miód)
Название (Какое название этой книги?),Tytuł (Jaki jest tytuł tej książki?)
Появляться (Проблемы появляются внезапно),Pojawiać (Problemy pojawiają się nagle)
Бассейн (Я хожу в бассейн в субботу),Basen (Chodzę na basen w sobotę)
Приют (Приют для животных ищет волонтёров),Schronisko (Schronisko dla zwierząt szuka wolontariuszy)
Означать (Что означает это слово?),Oznaczać (Co oznacza to słowo?)
Средства (У меня есть средства на эту цель),Środki (Mam środki na ten cel)
Безопасный (Гданьск — безопасный город),Bezpieczny (Gdańsk jest bezpiecznym miastem)
Решение (Я принял важное решение),Decyzja (Podjąłem ważną decyzję)
Балкон (У меня балкон с видом на море),Balkon (Mam balkon z widokiem na morze)
Мусор (Выброси мусор в корзину),Śmieć (Wyrzuć śmieci do kosza)
Неудобство (Извините за неудобство),Niedogodność (Przepraszam za niedogodność)
Произойти (Произошло что-то важное),Wydarzyć (Wydarzyło się coś ważnego)
Никогда (Я никогда не был в Варшаве),Nigdy (Nigdy nie byłem w Warszawie)
Январь (Январь — самый холодный месяц),Styczenie (Styczeń to najzimniejszy miesiąc)
Форма; персонаж (Какой твой любимый персонаж из фильма?),Postać (Jaka jest twoja ulubiona postać z filmu?)
Взгляд (У меня другие взгляды),Pogląd (Mam inne poglądy)
Формальный (Это формальная встреча),Formalny (To formalne spotkanie)
Отправитель (Отправитель этой посылки неизвестен),Nadawca (Nadawca tej paczki jest nieznany)
Характер (У неё сильный характер),Charakter (Ma silny charakter)
Вступление (Вступление к книге интересное),Wstęp (Wstęp do książki jest ciekawy)
Развитие (Развитие темы было интересным),Rozwinięcie (Rozwinięcie tematu było interesujące)
Закончить (Я закончу работу в пять),Zakończyć (Zakończę pracę o piątej)
Глаз (У неё красивые глаза),Oko (Ma piękne oczy)
Выражение (Учи новые выражения),Wyrażenie (Ucz się nowych wyrażeń)
Женщина (Эта женщина — моя сестра),Kobieta (Ta kobieta jest moją siostrą)
Хобби (Моё хобби — фотография),Hobby (Moje hobby to fotografia)
Композиция (Композиция этого фото отличная),Kompozycja (Kompozycja tego zdjęcia jest świetna)
Грамматический (Это грамматическое упражнение),Gramatyczny (To ćwiczenie gramatyczne)
Лексический (Лексический тест был сложный),Leksykalny (Test leksykalny był trudny)
Стилистический (Стилистическая ошибка в предложении),Stylistyczny (Błąd stylistyczny w zdaniu)
Пунктуационный (Знаки препинания важны),Interpunkcyjny (Znaki interpunkcyjne są ważne)
Орфографический (Я сделал орфографическую ошибку),Ortograficzny (Zrobiłem błąd ortograficzny)
Неисправность (У меня неисправность в машине),Usterkać (Mam usterkę w samochodzie)
Подчёркивание (Подчёркивание важно в тексте),Podkreślenie (Podkreślenie jest ważne w tekście)
Одежда (Я купил новую одежду),Ubranie (Kupiłem nowe ubranie)
Выполнять (Я исполняю свои мечты),Spełniać (Spełniam swoje marzenia)
Внимательно (Слушай внимательно),Uważnie (Słuchaj uważnie)
Выполнять (Я выполняю задание),Wykonywać (Wykonuję zadanie)
Доктор (Доктор Ковальский принимает завтра),Doktor (Doktor Kowalski przyjmuje jutro)
Вписать (Впиши свои данные в форму),Wpisać (Wpisz swoje dane w formularzu)
Кампания (Это новая рекламная кампания),Kampania (To nowa kampania reklamowa)
Интернет (Я пользуюсь интернетом каждый день),Internet (Korzystam z internetu codziennie)
Разделить (Поделись своим опытом),Podzielić (Podziel się swoimi doświadczeniami)
Когда-то (Когда-то я был в Кракове),Kiedyś (Kiedyś byłem w Krakowie)
Высокий (У меня высокий рост),Wysoki (Mam wysoki wzrost)
Прилагательное (Прилагательное описывает существительное),Przymiotnik (Przymiotnik opisuje rzeczownik)
Только; лишь (Я только начинаю учить),Dopiero (Dopiero zaczynam naukę)
Ненужный (Это ненужные расходы),Niepotrzebny (To niepotrzebne wydatki)
Студент (Я студент польского),Student (Jestem studentem polskiego)
Жить (Я живу в Гданьске),Żyć (Żyję w Gdańsku)
Авиационный (Это аэропорт в Гданьске),Lotniczy (To jest port lotniczy w Gdańsku)
Красота; внешность (У неё красота матери),Uród (Ma urodę swojej matki)
Поблизости (Рядом есть магазин),Pobliż (W pobliżu jest sklep)
Железнодорожный (Железнодорожный вокзал в центре),Kolejowy (Dworzec kolejowy jest w centrum)
Симптом (Симптомы гриппа — температура и кашель),Objaw (Objawy grypy to gorączka i kaszel)
Простуда (Я простудился),Przeziębieć (Jestem przeziębiony)
Продавец (Продавец был приятный),Sprzedawca (Sprzedawca był miły)
Заказать (Я заказал еду через приложение),Zamówioć (Zamówiłem jedzenie przez aplikację)
Несколькодневный (У меня поездка на несколько дней),Kilkudniowy (Mam kilkudniowy wyjazd)
Выбирать (Я выбираю подарок для друга),Wybierać (Wybieram prezent dla przyjaciela)
Поздравлять (Я поздравляю тебя с успехом!),Gratulować (Gratuluję ci sukcesu!)
Папка (Спрячь документы в папку),Teczka (Schowaj dokumenty do teczki)
Офис (Я работаю в офисе в центре),Biuro (Pracuję w biurze w centrum)
Повышение (Я получил повышение зарплаты),Podwyżka (Dostałem podwyżkę w pracy)
Вечер (Вечером я иду в кино),Wieczorz (Wieczorem idę do kina)
Литературный (Это литературный конкурс),Literacki (To konkurs literacki)
Обновить (Я обновил свою квартиру),Odnowić (Odnowiłem swoje mieszkanie)
Сплав (Сплав на байдарках был отличный),Spływ (Spływ kajakowy był świetny)
Байдарочный (Байдарочный сплав был приключением),Kajakowego (Spływ kajakowy był przygodą)
Новоселье (У нас новоселье в новой квартире),Parapetówka (Mamy parapetówkę w nowym mieszkaniu)
Возмещать (Фирма возмещает курс языка),Refundować (Firma refunduje kurs języka)
Благотворительный (Я принимаю участие в благотворительной акции),Charytatywny (Biorę udział w akcji charytatywnej)
Сбор (Сбор денег занял месяц),Uzbieranie (Uzbieranie pieniędzy zajęło miesiąc)
Рассказывать (Я рассказываю интересную историю),Opowiadać (Opowiadam ciekawą historię)
План (У меня план на каникулы),Plan (Mam plan na wakacje)
Повышение (Я получил повышение по работе),Awans (Dostałem awans w pracy)
Не знать (Я не знаю этого слова),Nie znać (Nie znam tego słowa)
Район (В Гданьске много районов),Dzielnica (Gdańsk ma wiele dzielnic)
Родиться (Я родился в Гданьске),Urodzić (Urodziłem się w Gdańsku)
Опаздывать (Я опаздываю на работу),Spóźnia (Spóźniam się do pracy)
Никакой (Никакая проблема не слишком сложна),Żaden (Żaden problem nie jest za trudny)
Великолепный (Это великолепная идея!),Wspaniać (To wspaniały pomysł!)
Сцена (Сцена в театре была красивая),Scena (Scena w teatrze była piękna)
Слишком (Слишком много работы),Zbyt (Zbyt dużo pracy)
Громко (Говори громче),Głośno (Mów głośniej)
Учёба (Изучение польского интересно),Nauka (Nauka polskiego jest ciekawa)
Гитара (Я играю на гитаре),Gitar (Gram na gitarze)
Отменить (Отменили рейс из-за тумана),Odwołać (Odwołali lot z powodu mgły)
Кабинет (Врачебный кабинет на первом этаже),Gabinet (Gabinet lekarski jest na parterze)
Устанавливать (Мы устанавливаем дату встречи),Ustalać (Ustalamy termin spotkania)
Полиция (Полиция приехала на место аварии),Policja (Policja przyjechała na miejsce wypadku)
Нога (У меня болит нога),Noga (Boli mnie noga)
Самый красивый (Это самый красивый пляж в округе),Najładniejszy (To najładniejsza plaża w okolicy)
Костюм (Я купил новый костюм),Garnitura (Kupiłem nową garniturę)
Требовать (Эта работа требует терпения),Wymagać (Ta praca wymaga cierpliwości)
Агрессивный (Эта собака агрессивная),Agresywny (Ten pies jest agresywny)
Слесарь (Слесарь починил замок в двери),Ślusarz (Ślusarz naprawił zamek w drzwiach)
Сюрприз (У меня для тебя сюрприз),Niespodzianka (Mam dla ciebie niespodziankę)
Водный (Мы любим водные виды спорта),Wodny (Lubimy sporty wodne)
Девушка (Моя девушка — полька),Dziewczyna (Moja dziewczyna jest Polką)
На двадцать человек (Мы арендовали зал на двадцать человек),Dwudziestoosobowy (Wynajęliśmy salę dwudziestoosobową)
День рождения (Это день рождения),Urodzinowy (To przyjęcie urodzinowe)
Возможный (У меня возможный план Б),Ewentualny (Mam ewentualny plan B)
Квалификационный (У меня квалификационный экзамен),Kwalifikacyjny (Mam egzamin kwalifikacyjny)
"Успокоить (Успокойся, всё будет хорошо)","Uspokoić (Uspokój się, wszystko będzie dobrze)"
Договориться (Я договорился о встрече с врачом),Umówić (Umówiłem się z lekarzem)
Участвовать (Я участвую в курсе),Uczestniczyć (Uczestniczę w kursie)
Деловой (У меня деловая встреча),Biznesowy (Mam spotkanie biznesowe)
Вдруг (Вдруг начался дождь),Nagle (Nagle zaczął padać deszcz)
Профессиональный (Это профессиональное училище),Zawodowy (To jest szkoła zawodowa)
Исполнить (Я исполнил свою мечту),Spełnić (Spełniłem swoje marzenie)
Появиться (Появилась новая проблема),Pojawić (Pojawił się nowy problem)
Оставлять (Не оставляй вещи на столе),Pozostawiać (Nie pozostawiaj rzeczy na stole)
"Лестничный (Я живу на пятом этаже, лестничная клетка)","Schodowy (Mieszkam na piątym piętrze, jest klatka schodowa)"
Царить (В комнате царит порядок),Panować (W pokoju panuje porządek)
Ужасный (Это ужасная погода),Okropny (To okropna pogoda)
Запах (У тебя приятный запах духов),Zapach (Masz dobry zapach perfum)
Кастрюля (Свари суп в кастрюле),Garnek (Ugotuj zupę w garnku)
Кассир (Кассир выдал мне сдачу),Kasjer (Kasjer wydał mi resztę)
Насчитать (Я насчитал десять человек),Naliczyć (Naliczyłem dziesięć osób)
"Двойной (Пожалуйста, двойной кофе)",Podwójny (Poproszę podwójną kawę)
Плата (Плата за курс — 200 злотых),Opłata (Opłata za kurs to 200 złotych)
Товар; статья (Я купил продукты питания),Artykuł (Kupiłem artykuły spożywcze)
Оставить (Оставь ключи на столе),Pozostawić (Zostaw klucze na stole)
Автобусный (Это автобусная остановка),Autobusowy (To przystanek autobusowy)
Личный (Это личное дело),Osobisty (To sprawa osobista)
Начальница (Моя начальница требовательная),Szefowy (Moja szefowa jest wymagająca)
Неудобный (Этот стул неудобный),Niewygodny (To krzesło jest niewygodne)
Тётя (Мои тёти живут в Кракове),Ciocie (Moje ciocie mieszkają w Krakowie)
Билетный (Билетная касса слева),Biletowa (Kasa biletowa jest po lewej)
Просрочить (Этот продукт просрочен),Przeterminować (Ten produkt jest przeterminowany)
Выписывать (Я выписываю рецепт),Wypisywać (Wypisuję receptę)
Длить; удлинять (Я тяну эту работу уже неделю),Dłużyć (Dłużę tę pracę od tygodnia)
Запланировать (Я запланировал отпуск),Zaplanować (Zaplanowałem wakacje)
Сопровождать (Сопровождающее лицо имеет скидку),Towarzyszącej (Osoba towarzysząca ma zniżkę)
Электричество (Нет электричества в доме),Prąd (Nie ma prądu w domu)
"Тишина (Пожалуйста, тишина)",Cisza (Proszę o ciszę)
Ночной (У меня ночная работа),Nocny (Mam pracę nocną)
Быстрый (Это быстрый поезд),Szybką (To szybki pociąg)
Сколько (Сколько это стоит?),Ile (Ile to kosztuje?)
Услышать (Я услышал интересную новость),Usłyszeć (Usłyszałem ciekawą wiadomość)
Точно (Повтори точно),Dokładnie (Powtórz dokładnie)
Удалить (Удали этот файл),Usunąć (Usuń ten plik)
Следующий (Следующая остановка — Гданьск-Главный),Następny (Następny przystanek to Gdańsk Główny)
Решить (Я решился на этот курс),Zdecydować (Zdecydowałem się na ten kurs)
Снова (Попробуй снова),Ponownie (Spróbuj ponownie)
Воспользоваться (Воспользуйся случаем),Skorzystać (Skorzystaj z okazji)
Как-то (Я как-нибудь это улажу),Jakoś (Jakoś to załatwię)
Счастье (Мне повезло),Szczęście (Mam szczęście)
Красивый (Гданьск — красивый город),Piękny (Gdańsk jest pięknym miastem)
Принести (Принеси мне стакан воды),Przynieść (Przynieś mi szklankę wody)
Помнить (Помни о встрече),Pamiętać (Pamiętaj o spotkaniu)
Игрок (Он хороший игрок в шахматы),Gracz (Jest dobrym graczem w szachy)
Оставить (Оставь это на потом),Zostawić (Zostaw to na później)
Благодарный (Я тебе благодарен),Wdzięczny (Jestem ci wdzięczny)
Хватить (Этого достаточно),Wystarczyć (To wystarczy)
Заботиться (Я забочусь о здоровье),Dbać (Dbam o zdrowie)
Доступ (У меня есть доступ в интернет),Dostęp (Mam dostęp do internetu)
Желание (Я хочу кофе),Ochot (Mam ochotę na kawę)
Заняться (Я займусь этим),Zajmę (Zajmę się tym)
Возвращение (Я планирую возвращение домой),Powrót (Planuję powrót do domu)
Внешность (Мне нравится твоя внешность),Wygląd (Podoba mi się twój wygląd)
Мечта (Моя мечта сбылась),Marzenie (Moje marzenie się spełniło)
Пусть (Пусть войдёт),Niech (Niech pan wejdzie)
"Классно (Классно, что ты здесь)","Fajnie (Fajnie, że jesteś)"
Погода (Погода в Гданьске переменчивая),Pogoda (Pogoda w Gdańsku jest zmienna)
"Ну что ж (Ну что ж, я не знаю)","Cóż (Cóż, nie wiem)"
Отдохнуть (Хочу отдохнуть на море),Wypocząć (Chcę wypocząć nad morzem)
Классный (Это классный фильм),Fajny (To fajny film)
Нравиться (Мне нравится этот город),Podobać (Podoba mi się to miasto)
Вещь (Важная вещь),Rzecz (Ważna rzecz)
История (Я расскажу тебе историю),Historia (Opowiem ci historię)
Красивый (У тебя красивое платье),Ładny (Masz ładną sukienkę)
Концерт (Я был на концерте в субботу),Koncert (Byłem na koncercie w sobotę)
Право (Я имею право на отпуск),Prawo (Mam prawo do urlopu)
Мысль (У меня есть мысль),Myśl (Mam myśl)
Установить (Давайте установим дату),Ustalić (Ustalmy termin)
"К сожалению (К сожалению, я не могу прийти)","Niestety (Niestety, nie mogę przyjść)"
Ценить (Ценю твою помощь),Doceniać (Doceniam twoją pomoc)
Конкретный (Будь конкретным),Konkretny (Bądź konkretny)
Драматический (Это был драматический момент),Dramatyczny (To był dramatyczny moment)
Роман (Я читаю интересный роман),Powieść (Czytam ciekawą powieść)
Опыт (У меня есть опыт программирования),Doświadczenie (Mam doświadczenie w programowaniu)
Отвечать (Я отвечаю на вопросы),Odpowiadać (Odpowiadam na pytania)
Идеально (Это идеально подходит),Idealnie (To idealnie pasuje)
Провести (Я провёл собеседование),Odbyć (Odbyłem rozmowę kwalifikacyjną)
Необходимый (Это необходимо),Konieczny (To konieczne)
Организация (Я работаю в большой организации),Organizacja (Pracuję w dużej organizacji)
Выступление (Выступление было удачным),Występ (Występ był udany)
Стоить (Сколько это стоит?),Kosztować (Ile to kosztuje?)
Музыка (Я слушаю музыку каждый день),Muzyka (Słucham muzyki codziennie)
Продажа (Я работаю в отделе продаж),Sprzedaż (Pracuję w dziale sprzedaży)
Сила (У меня есть сила),Moc (Mam moc sprawczą)
Довольный (Я доволен результатом),Zadowolony (Jestem zadowolony z wyniku)
Квалификация (У меня есть соответствующая квалификация),Kwalifikacja (Mam odpowiednie kwalifikacje)
Результат (Результат экзамена был хороший),Wynik (Wynik egzaminu był dobry)
Должность (У меня должность руководителя),Stanowisko (Mam stanowisko kierownika)
Постараться (Я постараюсь помочь),Postarać (Postaram się pomóc)
Трудность (У меня трудности с грамматикой),Trudność (Mam trudności z gramatyką)
Рано (Я встаю рано утром),Wcześnie (Wstaję wcześnie rano)
Попросить (Попрошу счёт),Poprosić (Poproszę o rachunek)
Познакомиться (Хочу с тобой познакомиться),Poznać (Chcę cię poznać)
Острый (Это блюдо острое),Pikantny (To danie jest pikantne)
Ход; в ходе (В ходе урока),Trakt (W trakcie lekcji)
Твой (Это твоя ручка),Twój (To twój długopis)
Культурный (Это культурный человек),Kulturalny (To kulturalny człowiek)
Популярный (Это популярное место),Popularny (To popularne miejsce)
Существовать (Эта проблема существует давно),Istnieć (Ten problem istnieje od dawna)
Давний (В давние времена),Dawny (W dawnych czasach)
Спокойно (Говори спокойно),Spokojnie (Mów spokojnie)
Температура (Какая температура?),Temperatura (Jaka jest temperatura?)
Личность (У меня есть удостоверение личности),Tożsamość (Mam dowód tożsamości)
Починить (Я починил компьютер),Naprawić (Naprawiłem komputer)
Цвет (Какой твой любимый цвет?),Kolor (Jaki jest twój ulubiony kolor?)
Ты (Ты — мой друг),Ty (Ty jesteś moim przyjacielem)
Праздник (Пасха — важный праздник),Święto (Wielkanoc to ważne święto)
Сам (Я сделал это сам),Sam (Zrobiłem to sam)
Доставка (Доставка еды занимает 30 минут),Dostawa (Dostawa jedzenia trwa 30 minut)
Вторник (Во вторник у меня визит к врачу),Wtorek (We wtorek mam wizytę u lekarza)
Обращать (Я обращаю внимание на детали),Zwracać (Zwracam uwagę na szczegóły)
Рынок (Рынок Главного города красивый),Rynek (Rynek Głównego Miasta jest piękny)
Практика (У меня практика в фирме),Praktyka (Mam praktykę w firmie)
Стоимость (Стоимость билета — 10 злотых),Koszt (Koszt biletu to 10 złotych)
Второй (Это второй раз на этой неделе),Drugi (To drugi raz w tym tygodniu)
Авторство (Авторство этой книги известно),Autorstwo (Autorstwo tej książki jest znane)
Чтение (Это интересное чтение),Lektura (To ciekawa lektura)
Фитнес (Я хожу на фитнес три раза в неделю),Fitness (Chodzę na fitness trzy razy w tygodniu)
Обновление (У меня обновление системы),Aktualizacja (Mam aktualizację systemu)
Региональный (Это региональное блюдо),Regionalny (To regionalne danie)
Мог бы (Я мог бы тебе помочь),Mógłbym (Mógłbym ci pomóc)
Зритель (Зрители аплодировали выступлению),Widz (Widzowie oklaskiwali występ)
Временный (Это временная работа),Czasowy (To praca czasowa)
Скидка (У меня студенческая скидка),Zniżka (Mam zniżkę studencką)
Осматривать (Я осматриваю старый город),Zwiedzać (Zwiedzam stare miasto)
Успех (Я достиг успеха),Sukces (Osiągnąłem sukces)
Ожидать (Я ожидаю гостей вечером),Spodziewać (Spodziewam się gości wieczorem)
В настоящее время (В настоящее время я живу в Гданьске),Obecnie (Obecnie mieszkam w Gdańsku)
Экзаменационный (Это экзаменационная сессия),Egzaminacyjny (To sesja egzaminacyjna)
Аренда (Аренда квартиры стоит 2000 злотых),Wynajem (Wynajem mieszkania kosztuje 2000 złotych)
Как раз (Как раз сегодня у меня есть время),Akurat (Akurat dzisiaj mam czas)
Вчера (Вчера я был в кино),Wczoraj (Wczoraj byłem w kinie)
Считать; рассчитывать (Он рассчитывает на твою помощь),Liczyć (Liczy na twoją pomoc)
Чек (Попрошу чек),Paragon (Poproszę paragon)
Момент (Подожди момент),Moment (Poczekaj moment)
Показывать (Я показываю ему дорогу),Pokazywać (Pokazuję mu drogę)
Передвинуть (Перенеси встречу на завтра),Przesunąć (Przesuń spotkanie na jutro)
Ванная (Ванная наверху),Łazienka (Łazienka jest na piętrze)
Точный (Будь точным в описании),Dokładny (Bądź dokładny w opisie)
Делить (Мы делим обязанности),Dzielić (Dzielimy się obowiązkami)
Смысл (Это не имеет смысла),Sens (To nie ma sensu)
Шум (Этот шум невыносим),Hałas (Ten hałas jest nie do zniesienia)
Затруднять (Дождь затрудняет езду),Utrudniać (Deszcz utrudnia jazdę)
Вести себя (Веди себя прилично),Zachowywać (Zachowuj się grzecznie)
Сдающий (Сдающие экзамен нервничают),Zdający (Zdający egzamin są zdenerwowani)
Выражать (Я выражаю своё мнение),Wyrażać (Wyrażam swoją opinię)
Уметь (Я умею говорить по-польски),Umieć (Umiem mówić po polsku)
Высказываться (Я высказываюсь на тему),Wypowiadać (Wypowiadam się na temat)
Знание (У меня хорошее знание языка),Znajomość (Mam dobrą znajomość języka)
Письмо; письменность (Это официальное письмо),Pismo (To oficjalne pismo)
Правописание (Правописание этого слова сложное),Pisownia (Pisownia tego słowa jest trudna)
Неформальный (Это неформальная встреча),Nieformalny (To spotkanie nieformalne)
Связать (Завяжи шнурки),Związać (Zwiąż sznurówki)
Выразить (Вырази своё мнение),Wyrażć (Wyraź swoje zdanie)
Звательный падеж (Звательный падеж — это падеж в польском языке),Wołacz (Wołacz to przypadek w języku polskim)
Восклицательный знак (Напиши предложение с восклицательным знаком),Wykrzyknikiem (Napisz zdanie z wykrzyknikiem)
Стилистически (Это стилистически верно),Stylistycznie (To jest stylistycznie poprawne)
Подпись (Поставь подпись здесь),Podpis (Złóż podpis tutaj)
Действовать (Новые правила действуют с завтрашнего дня),Obowiązywać (Nowe zasady obowiązują od jutra)
Полный (Это полный список),Pełny (To pełna lista)
Обычно (Обычно я пью кофе утром),Zwykle (Zwykle piję kawę rano)
Лист (Лист упал с дерева),Liść (Liść spadł z drzewa)
Сердечно (Сердечно благодарю),Serdecznie (Serdecznie dziękuję)
Определить (Определи свою цель),Określić (Określ swój cel)
Продавать (Я продаю старую мебель),Sprzedawać (Sprzedaję stare meble)
Солнечный (Сегодня солнечный день),Słoneczny (Dzisiaj jest słoneczny dzień)
Наконец (Наконец-то я закончил работу),Wreszcie (Wreszcie skończyłem pracę)
Очерёдность (Расположи в правильной последовательности),Kolejność (Ułóż w odpowiedniej kolejności)
Лицо (У неё красивое лицо),Twarz (Ma ładną twarz)
Черта (Какая у него черта характера?),Cech (Jaka jest jego cecha charakteru?)
Оценка (Я получил хорошую оценку за тест),Ocena (Dostałem dobrą ocenę z testu)
"Пишущий (Человек, пишущий это письмо...)",Piszący (Osoba pisząca ten list...)
Спортивный (Я люблю спортивные машины),Sportowy (Lubię sportowe samochody)
Психология (Я интересуюсь психологией),Psychologia (Interesuję się psychologią)
Нейропсихология (Нейропсихология — интересная область),Neuropsychologia (Neuropsychologia to ciekawa dziedzina)
Влияние (У меня есть влияние на ситуацию),Wpływ (Mam wpływ na sytuację)
Многочисленный (Это многочисленная группа),Liczna (To liczna grupa)
Птица (Птица поёт на дереве),Ptak (Ptak śpiewa na drzewie)
Близко (Я живу близко к центру),Blisko (Mieszkam blisko centrum)
Отсутствие (Мне не хватает времени),Brak (Brak mi czasu)
"Как; и то и другое (Как ты, так и я)","Zarówno (Zarówno ty, jak i ja)"
Спокойный (Это спокойная улица),Spokojny (To spokojna ulica)
Понедельник (В понедельник я иду в бассейн),Poniedziałk (W poniedziałek idę na basen)
Известный (Это известный актёр),Znany (To znany aktor)
Факт (Это известный факт),Fakt (To znany fakt)
Никто (Никто не звонил),Nikt (Nikt nie dzwonił)
Радость (У меня большая радость),Radość (Mam wielką radość)
Означать (Что это значит?),Oznaczaa (Co to oznacza?)
Среди (Среди моих знакомых),Wśród (Wśród moich znajomych)
Таблица (Заполни таблицу),Tabela (Wypełnij tabelę)
Статья (Прочитай статью в газете),Artykul (Przeczytaj artykuł w gazecie)
Предоставить (Предоставь мне информацию),Udzielić (Udziel mi informacji)
Евро (Я заплатил 50 евро),Euro (Zapłaciłem 50 euro)
Актёр (Этот актёр играет в интересном фильме),Aktor (Ten aktor gra w ciekawym filmie)
"Согласно (По мне, это хорошая идея)",Według (Według mnie to dobry pomysł)
Третий (Это третий раз),Trzeci (To trzeci raz)
Ездить (Я езжу на велосипеде на работу),Jeździć (Jeżdżę rowerem do pracy)
Миллион (Миллион людей живёт в городе),Milion (Milion ludzi mieszka w mieście)
"То есть (Завтра, то есть в субботу, еду на море)","Czyli (Jutro, czyli w sobotę, jadę nad morze)"
"Лестница (Осторожно, лестница)",Schody (Uważaj na schody)
Учёба (У меня высшее образование),Studia (Mam studia wyższe)
Время года (Время года имеет значение),Pora (Pora roku ma znaczenie)
Считать; быть внимательным (Будь осторожен на дороге),Uważać (Uważaj na drodze)
Мать (Моя мать — учительница),Matka (Moja matka jest nauczycielką)
Представить (Представь себе такую ситуацию),Wyobrazić (Wyobraź sobie taką sytuację)
Дочь (Моей дочери пять лет),Córka (Moja córka ma pięć lat)
Языковой (Это языковой курс),Językowy (To kurs językowy)
Максимально (Максимально могу потратить 100 злотых),Maksymalć (Maksymalnie mogę wydać 100 złotych)
Самолёт (Самолёт в Польшу летит 3 часа),Samolot (Samolot do Polski leci 3 godziny)
Полёт (Рейс был задержан),Lot (Lot był opóźniony)
Рецепт; правило (У меня есть рецепт пирогов),Przepis (Mam przepis na pierogi)
Ярмарка (Рождественская ярмарка в Гданьске прекрасна),Jarmark (Jarmark bożonarodzeniowy w Gdańsku jest piękny)
Продукт (Это польский продукт),Produkt (To produkt polski)
Убирать (Я убираю квартиру в субботу),Sprzątać (Sprzątam mieszkanie w sobotę)
Реклама (Эта реклама смешная),Reklama (Ta reklama jest śmieszna)
Брат (У меня есть брат и сестра),Brat (Mam brata i siostrę)
Вид спорта (Какой вид спорта ты любишь?),Sporta (Jaki sport lubisz?)
Помидор (Купи помидоры для супа),Pomidor (Kup pomidory na zupę)
Крем (Крем для лица дорогой),Krem (Krem do twarzy jest drogi)
Скорая помощь (Позвони в скорую),Pogotowie (Zadzwoń na pogotowie)
Вызвать (Вызови такси),Wezwać (Wezwij taksówkę)
Низкий (У меня низкий рост),Niski (Mam niski wzrost)
Открытый (Магазин открыт до восьми),Otwartego (Sklep jest otwarty do ósmej)
Участие (Подтверди своё участие),Uczestnictwo (Potwierdź swoje uczestnictwo)
Женить (Он женится в июне),Żena (Żeni się w czerwcu)
Интервью (У меня собеседование),Wywiad (Mam wywiad o pracę)
Компьютерный (Я играю в компьютерную игру),Komputerowy (Gram w grę komputerową)
Знакомый (Мой знакомый — программист),Znajomy (Mój znajomy jest programistą)
Кормить (Я кормлю собаку два раза в день),Karmieć (Karmię psa dwa razy dziennie)
Положительно (Я мыслю положительно),Pozytywnie (Myślę pozytywnie)
Удивить (Ты меня удивил),Zaskoczyć (Zaskoczyłeś mnie)
Восторг (Восторг от этого города),Zachwyt (Zachwyt nad tym miastem)
Поломка (Поломка оборудования),Zepsucie (Zepsucie się sprzętu)
Ноутбук (Я купил новый ноутбук),Laptopa (Kupiłem nowego laptopa)
Уговаривать (Я уговариваю его поехать),Namawiać (Namawiam go na wyjazd)
Самый интересный (Это самый интересный фильм),Najciekawszy (To najciekawszy film)
Простудиться (Я простудился на работе),Przeziębić (Przeziębiłem się w pracy)
Потерять (Я потерял ключи),Zgubić (Zgubiłem klucze)
Вежливо (Говори вежливо),Grzecznie (Mów grzecznie)
Отказывать (Не отказывай в помощи),Odmawiać (Nie odmawiaj pomocy)
Заказ (У меня заказ от фирмы),Zlecenie (Mam zlecenie od firmy)
Вводить (Я внедряю новую систему),Wprowadzać (Wprowadzam nowy system)
Немеблированный (У меня немеблированная квартира),Nieumeblować (Mam nieumeblowane mieszkanie)
Приезжать (Я приезжаю в Гданьск по пятницам),Przyjeżdżać (Przyjeżdżam do Gdańska w piątki)
Мебельный (Я купил мебель в мебельном магазине),Meblowy (Kupiłem meble do salonu meblowego)
Оснащение (У меня полное оснащение кухни),Wyposażenie (Mam pełne wyposażenie kuchni)
Драма (Я смотрел драму в театре),Dramat (Oglądałem dramat w teatrze)
Потенциал (У меня есть потенциал),Potencjał (Mam potencjał)
Переезд (Переезд в Гданьск был отличным),Przeprowadzka (Przeprowadzka do Gdańska była świetna)
Принимать (Я принимаю приглашение),Przyjmować (Przyjmuję zaproszenie)
Деталь (Опиши это в деталях),Detalać (Opisz to w detalach)
Контактировать (Я связываюсь с клиентом),Kontaktować (Kontaktuję się z klientem)
Организатор (ж) (Организатор мероприятия была приятной),Organizatorka (Organizatorka wydarzenia była miła)
Комплекс (У меня спортивный комплекс недалеко),Kompleks (Mam kompleks sportowy niedaleko)
Задумываться (Я задумываюсь над этим),Zastanawiać (Zastanawiam się nad tym)
Ассистент (Я работаю ассистентом),Asystent (Pracuję jako asystent)
Заведение (Я работаю в парикмахерской),Zakład (Pracuję w zakładzie fryzjerskim)
Хвалить (Хвалю твою работу),Pochwala (Chwalę twoją pracę)
Ценить (Ценю твои старания),Doceć (Doceniam twoje starania)
Прохожий (Прохожий помог мне),Przechodnia (Przechodzień pomógł mi)
Подарок (Я получил подарок от друзей),Prezenć (Dostałem prezent od przyjaciół)
Владелица (Владелица магазина приятная),Właścicielka (Właścicielka sklepu jest miła)
Работница (Работница в офисе помогла мне),Pracowniczek (Pracowniczka w biurze pomogła mi)
Экзотический (Я люблю экзотическую еду),Egzotyczny (Lubię egzotyczne jedzenie)
Официант (Официант принёс меню),Kelner (Kelner przyniósł menu)
Совершать (Я совершаю важный выбор),Dokonywać (Dokonuję ważnego wyboru)
Сосед по квартире (Мой сосед по квартире — студент),Współlokator (Mój współlokator jest studentem)
Включить (Включи свет),Włączyć (Włącz światło)
Мешать (Не мешай мне),Przeszkadzać (Nie przeszkadzaj mi)
Достигнуть (Я достиг цели),Osiągnąć (Osiągnąłem cel)
Компромисс (Давайте найдём компромисс),Kompromis (Znajdźmy kompromis)
Местный (Это местный ресторан),Lokalny (To lokalna restauracja)
Блогер (Я блогер-путешественник),Bloger (Jestem blogerem podróżniczym)
Уговорить (Я уговорил его на экскурсию),Namówić (Namówiłem go na wycieczkę)
Поликлиника (Я иду в поликлинику),Przychodnie (Idę do przychodni)
Зуб (У меня болит зуб),Zęb (Boli mnie ząb)
Недовольный (Я недоволен обслуживанием),Niezadowolony (Jestem niezadowolony z obsługi)
Объяснить (Объясни мне это),Wytłumaczyć (Wytłumacz mi to)
Украсть (У меня украли велосипед),Ukraść (Ukradli mi rower)
Сломать (Я сломал ногу),Złamać (Złamałem nogę)
Солдат (Солдат служил в армии),Żołnierz (Żołnierz służył w wojsku)
Организатор (Организатор подготовил мероприятие),Organizator (Organizator przygotował wydarzenie)
Рассматривать (Я рассматриваю твоё предложение),Rozważać (Rozważam twoją propozycję)
Няня (Мы наняли няню для ребёнка),Nianie (Zatrudniliśmy nianię dla dziecka)
Ключ (Я потерял ключи от квартиры),Kluczyć (Zgubiłem klucze do mieszkania)
Захлопнуть (Я захлопнул дверь),Zatrzaśnąć (Zatrzasnąłem drzwi)
Послесреднее образование (Послесредняя школа длится два года),Policealny (Szkoła policealna trwa dwa lata)
Приходить (Я прихожу в офис в девять),Przychodzić (Przychodzę do biura o dziewiątej)
Консультант (Я работаю консультантом),Konsultant (Pracuję jako konsultant)
Проход; переход (Переход через улицу),Przejście (Przejście przez ulicę)
Пенсия (Я на пенсии),Emerytura (Jestem na emeryturze)
Библиотека (Я иду в библиотеку),Biblioteka (Idę do biblioteki)
Расспросить (Расспроси о деталях),Dopytać (Dopytaj o szczegóły)
"Несмотря на (Несмотря на дождь, я иду гулять)",Mimo (Mimo deszczu idę na spacer)
Анонс (Анонс нового фильма),Zapowiedź (Zapowiedź nowego filmu)
Недоработать (Этот проект недоработан),Niedopracować (Ten projekt jest niedopracowany)
Проходить (Я прохожу мимо магазина каждый день),Przechodzić (Przechodzę obok sklepu codziennie)
Версия (Новая версия программы лучше),Wersja (Nowa wersja programu jest lepsza)
Узнавать (Я узнаю новые вещи),Dowiadować (Dowiaduję się nowych rzeczy)
Заказывать (Я заказываю еду по телефону),Zamawiać (Zamawiam jedzenie przez telefon)
Быть в стрессе (Я в стрессе из-за экзамена),Zestresować (Jestem zestresowany egzaminem)
Усыновление (Усыновление собаки — серьёзное решение),Adopcja (Adopcja psa to poważna decyzja)
Приобрести (Я приобрёл нового клиента),Pozyskać (Pozyskałem nowego klienta)
Необходимый (Это необходимый инструмент),Niezbędny (To niezbędne narzędzie)
Совместный (У нас общая цель),Wspólny (Mamy wspólny cel)
Заболеть (Я заболел гриппом),Zachorować (Zachorowałem na grypę)
Отмечать (Я праздную день рождения в июле),Obchodzić (Obchodzę urodziny w lipcu)
Лететь; лето (Я лечу самолётом в Польшу),Lecie (Lecę samolotem do Polski)
Стиральная машина (Стиральная машина сломалась),Pralka (Pralka się zepsuła)
Поддаться; попасть (Я попал в аварию),Ulec (Uległem wypadkowi)
Сервисный (Машина в сервисе),Serwisow (Samochód jest w serwisie)
Быстрый (Это быстрый поезд),Szybki (To szybki pociąg)
Решение (Я нашёл решение),Rozwiązanie (Znalazłem rozwiązanie)
Коронавирус (Коронавирус изменил всё),Koronawirusa (Koronawirus zmienił wszystko)
Координатор (Я работаю координатором),Koordynator (Pracuję jako koordynator)
Процедура (Это стандартная процедура),Procedura (To standardowa procedura)
Приступить (Я приступил к экзамену),Przystąpić (Przystąpiłem do egzaminu)
Пандемия (Пандемия длилась два года),Pandemia (Pandemia trwała dwa lata)
Следующий (Следующая остановка),Kolejny (Kolejny przystanek)
Сюжет (Сюжет этого фильма интересный),Fabuć (Fabuła tego filmu jest ciekawa)
Мусор (Выброси мусор в бак),Śmiecie (Wyrzuć śmieci do kosza)
Испортить (Я испортил себе настроение),Popsuł (Popsułem sobie humor)
Взамен (Взамен на помощь),Zamian (W zamian za pomoc)
Посмотреть (Я посмотрел интересный фильм),Obejrzeć (Obejrzałem ciekawy film)
Охрана (Охрана окружающей среды важна),Ochrona (Ochrona środowiska jest ważna)
Уйти (Я ушёл с работы),Odejść (Odszedłem z pracy)
Одежда (Магазин одежды имеет распродажу),Odzieżowy (Sklep odzieżowy ma wyprzedaż)
Отменить (Я отменил бронь),Anulować (Anulowałem rezerwację)
Убеждать (Я убеждаю тебя поехать),Przekonować (Przekonuję cię do wyjazdu)
Контроль (У меня контроль на работе),Kontrola (Mam kontrolę w pracy)
Контролёр (Контролёр проверял билеты),Kontroler (Kontroler biletów sprawdzał bilety)
Поднимать (Я поднимаю тяжести в спортзале),Podnosić (Podnoszę ciężary na siłowni)
Администратор (ж) (Администратор встретила нас в отеле),Recepcjonistka (Recepcjonistka przyjęła nas w hotelu)
Поливать (Я поливаю цветы каждый день),Podlewać (Podlewam kwiaty codziennie)
Встречать (Я встречаюсь с друзьями),Spotykać (Spotykam się z przyjaciółmi)
Невиданный (Невиданный годами),Niewidzian (Niewidziany od lat)
Договариваться (Вы договариваетесь о встрече),Umawiacie (Umawiacie się na spotkanie)
Ухудшать (Моё настроение ухудшается),Pogarszać (Pogarsza mi się humor)
Состояние (Состояние моего здоровья хорошее),Stan (Stan mojego zdrowia jest dobry)
Здоровье (У меня проблема со здоровьем),Zdrowotny (Mam problem zdrowotny)
Звёздный; рождественский (У меня рождественский подарок),Gwiazdkowa (Mam gwiazdkowy prezent)
Намерение (Я намерен уехать),Zamiar (Mam zamiar wyjechać)
Правление (Правление фирмы приняло решение),Zarząd (Zarząd firmy podjął decyzję)
Жилищный (Рынок жилья в Гданьске дорогой),Mieszkaniowy (Rynek mieszkaniowy w Gdańsku jest drogi)
Просьба (У меня к тебе просьба),Prośba (Mam prośbę do ciebie)
Аптека (Купи лекарство в аптеке),Aptece (Kup lek w aptece)
Грипп (У меня грипп),Grypa (Mam grypę)
Соседний (В соседней комнате тишина),Sąsiedny (W sąsiednim pokoju jest cisza)
Собственный (У меня собственная квартира),Własny (Mam własne mieszkanie)
Согласиться (Я согласился с его мнением),Zgodzić (Zgodziłem się z jego opinią)
Распасться (Брак распался),Rozpaść (Małżeństwo się rozpadło)
Трудный (Это трудное задание),Trudć (To jest trudne zadanie)
Переживать (Я переживаю трудный период),Przeżywać (Przeżywam trudny okres)
Соседка (Моя соседка приятная),Sąsiadka (Moja sąsiadka jest miła)
Тусовщица (Она — тусовщица),Imprezowiczka (Ona jest imprezowiczką)
Поздний (Уже поздно),Późny (Jest już późno)
Чужой (Не разговаривай с чужими),Obcy (Nie rozmawiaj z obcymi)
Количество (Большое количество людей),Ilość (Duża ilość osób)
Пострадать (Я пострадал в аварии),Poszkodować (Poszkodowałem w wypadku)
Перекрёсток (На перекрёстке поверни налево),Skrzyżowanie (Na skrzyżowaniu skręć w lewo)
"Считать (Я считаю, что ты прав)","Sądzić (Sądzę, że masz rację)"
Левый (Поверни налево),Lewa (Skręć w lewo)
Добраться (Я добрался до дома),Dotrzeć (Dotarłem do domu)
"Жаль; ущерб (Жаль, что ты не можешь прийти)","Szkoda (Szkoda, że nie możesz przyjść)"
Оба (Обоих родителей не было дома),Obojga (Obojga rodziców nie było w domu)
Фотография (Я сделал красивое фото),Zdjęcie (Zrobiłem piękne zdjęcie)
Пара (У меня пара вопросов),Parę (Mam parę pytań)
Поздравление (Прими поздравления),Gratulacja (Przyjmij gratulacje)
Относительно (Относительно твоего вопроса...),Odnośnie (Odnośnie twojego pytania...)
Закуска (Закажи закуски к пиву),Przekąski (Zamów przekąski do piwa)
Поздравить (Хочу тебя поздравить),Pogratulować (Chcę ci pogratulować)
Закуска (Закажи закуски),Przekąsko (Zamów przekąski)
Пить (Хочу пить),Pić (Chcę pić)
Рассказать (Расскажи мне об этом),Opowiedzieć (Opowiedz mi o tym)
Чувствовать (Я чувствую себя хорошо),Czuć (Czuję się dobrze)
Температура (У меня температура),Gorączka (Mam gorączkę)
В общем (В общем),Ogólnie (Ogólnie rzecz biorąc)
Совет (Мне нужен твой совет),Porada (Potrzebuję twojej porady)
Сотрудничать (Я сотрудничаю с коллегами),Współpracować (Współpracuję z kolegami)
Интересно (Это интересно),Interesująco (To interesujące)
Вода (Я пью много воды),Woda (Piję dużo wody)
Зайти (Зайди ко мне после работы),Zajść (Zajdź do mnie po pracy)
Похвалить (Я похвалил его за работу),Pochwalić (Pochwaliłem go za pracę)
Курица (Курица-гриль вкусная),Kurczak (Kurczak z rożna jest smaczny)
Вкусный (Этот пирог вкусный),Smaczny (To ciasto jest smaczne)
Стараться (Старайся больше),Starać (Staraj się bardziej)
Вкусный (Этот суп вкусный),Pyszny (Ta zupa jest pyszna)
Обслуживание (Обслуживание в ресторане было хорошим),Obsługa (Obsługa w restauracji była dobra)
"Любовь; дорогой (Моя любовь, иди сюда)","Kochanie (Moje kochanie, chodź tutaj)"
Сердечный (Сердечные приветствия),Serdeczniejy (Serdeczne pozdrowienia)
Ведь (Ведь я тебе говорил),Przecież (Przecież ci mówiłem)
Почти (Я почти закончил),Prawie (Prawie skończyłem)
Удобный (Это удобный момент),Dogodny (To dogodny moment)
Какой (Какой это цвет?),Jaki (Jaki to kolor?)
Маршрут (Маршрут экскурсии был интересным),Trasa (Trasa wycieczki była ciekawa)
Вид (Вид из окна красивый),Widok (Widok z okna jest piękny)
Избежать (Я избежал пробок),Uniknąć (Uniknąłem korków)
Меньший (У меня меньший размер обуви),Mniejszych (Mam mniejszych rozmiar buta)
Населённый пункт (Гданьск — красивый населённый пункт),Miejscowość (Gdańsk to piękna miejscowość)
Велосипедный (У меня велосипедный маршрут),Rowerowy (Mam rowerowy szlak)
Окрестность (В окрестностях есть парк),Okolica (W okolicy jest park)
Держать (Держи крепко),Trzymać (Trzymaj mocno)
Немало (У меня немало работы),Sporo (Mam sporo pracy)
"Чтобы (Я хотел бы, чтобы ты пришёл)","By (Chciałbym, byś przyszedł)"
"Признать (Признаю, ты прав)","Przyznać (Przyznaję, masz rację)"
Нравиться (Мне нравится этот фильм),Podobeć (Podoba mi się ten film)
Захватывать (Этот фильм захватывает зрителей),Emocjonować (Ten film emocjonuje widzów)
Соглашаться (Я согласен с тобой),Zgadzać się (Zgadzam się z tobą)
Средний (У меня средний уровень),Średni (Mam średni poziom)
Вкус (У тебя хороший вкус),Gust (Masz dobry gust)
Вопрос (Это вопрос времени),Kwestia (To kwestia czasu)
Предпочтение (У меня свои предпочтения),Preferencja (Mam swoje preferencje)
Рецензия (Напиши рецензию на этот фильм),Recenzja (Napisz recenzję tego filmu)
Мяч (Я играю в футбол),Piłka (Gram w piłkę nożną)
Активный (Я активен в спорте),Aktywny (Jestem aktywny sportowo)
Представление (Представление в театре было отличным),Przedstawienie (Przedstawienie w teatrze było świetne)
Теория (Теория важна),Teoria (Teoria jest ważna)
Использовать (Используй это слово в предложении),Użyć (Użyj tego słowa w zdaniu)
Заразить (Я заразился гриппом),Zarazić (Zaraziłem się grypą)
Перенести (Перенеси встречу на завтра),Przenieść (Przenieś spotkanie na jutro)
Понятие (Я имею понятие об этом),Pojęcie (Mam pojęcie o tym)
Исчезновение (Исчезновение документов),Zaginięcie (Zaginięcie dokumentów)
Связаться (Я свяжусь с тобой),Skontaktywać (Skontaktuję się z tobą)
"Хотя (Хотя идёт дождь, я иду гулять)","Chociaż (Chociaż pada deszcz, idę na spacer)"
Отменять (Отменяют рейс из-за грозы),Odwoływać (Odwołują lot z powodu burzy)
Обзор; осмотр (У меня техосмотр машины),Przegląd (Mam przegląd samochodu)
Соблюдать (Соблюдай правила),Przestrzegać (Przestrzegaj zasad)
Пунктуальный (Будь пунктуальным),Punktualny (Bądź punktualny)
Стиль (У меня свой собственный стиль),Styl (Mam swój własny styl)
Показать (Покажи мне дорогу),Pokazać (Pokaż mi drogę)
Отдел (Я работаю в IT-отделе),Dział (Pracuję w dziale IT)
Выйти (Выйди из дома в восемь),Wyjść (Wyjdź z domu o ósmej)
Хотела бы (Ты хотела бы пойти на кофе?),Chciałabyś (Chciałabyś pójść na kawę?)
Эмоция (У меня сильные эмоции),Emocja (Mam silne emocje)
Представить (Представь мне своего друга),Przedstawić (Przedstaw mi swojego przyjaciela)
Последний (Это последний раз),Ostatni (To ostatni raz)
Рост (У меня высокий рост),Wzrost (Mam wysoki wzrost)
Писатель (Этот писатель известен),Pisarz (Ten pisarz jest znany)
Молодой (Я молодой),Młody (Jestem młody)
Возраст (Мне двадцать пять лет),Wiek (Mam dwadzieścia pięć lat)
Предлагать (Что вы предлагаете?),Oferujecie (Co oferujecie?)
Парикмахер (Я иду к парикмахеру),Fryzjer (Idę do fryzjera)
Поверить (Не могу поверить),Uwierzyć (Nie mogę uwierzyć)
Серьёзно (Ты серьёзно?),Poważnie (Mówisz poważnie?)
Закончить (Я закончил учёбу),Ukończyć (Ukończyłem studia)
Напиток (Какой напиток ты выбираешь?),Napój (Jaki napój wybierasz?)
Караоке (Мы поём караоке в пятницу),Karaoke (Śpiewamy karaoke w piątek)
Составить; вынести (Они вынесли мебель из комнаты),Wynieść (Wynieśli meble z pokoju)
Адаптировать (Адаптируйся к ситуации),Dostosować (Dostosuj się do sytuacji)
Сауна (Сауна в отеле классная),Sauna (Sauna w hotelu jest fajna)
Подтверждать (Подтверждаю получение),Potwierdzać (Potwierdzam odbiór)
Оплата (Оплата на счёт),Wpłata (Wpłata na konto)
Вести; проводиться (Я веду машину),Prowadzić (Prowadzę samochód)
Число (Большое число людей),Liczba (Duża liczba osób)
Половина (Половина задания сделана),Połowa (Połowa zadania zrobiona)
Ограничить (Ограничь расходы),Ograniczyć (Ogranicz wydatki)
Бланк (Заполни бланк),Formularz (Wypełnij formularz)
Заявочный (Заявочная карта),Zgłoszeniowy (Karta zgłoszeniowa)
Способствовать (Я поспособствовал проекту),Przyczynić (Przyczyniłem się do projektu)
Зарегистрировать (Зарегистрируйся на курс),Zarejestrować (Zarejestruj się na kurs)
Вовлечь (Я вовлёкся в проект),Zaangażować (Zaangażowałem się w projekt)
Принять (Я принял решение),Podjąć (Podjąłem decyzję)
Развитие (Развитие фирмы быстрое),Rozwój (Rozwój firmy jest szybki)
Готовый (Я готов),Gotowy (Jestem gotowy)
Трамвай (Трамвай едет в центр),Tramwaj (Tramwaj jedzie do centrum)
Направление (Какое направление учёбы?),Kierunek (Jaki kierunek studiów?)
Далеко (Далеко отсюда?),Daleko (Daleko stąd?)
Сложить; подать (Подай заявление),Złożyć (Złóż podanie)
Игрушка (Купи игрушку для ребёнка),Zabawka (Kup zabawkę dla dziecka)
Объяснить (Объясни мне это),Wyjaśnić (Wyjaśnij mi to)
Сдавать (Я сдаю экзамен в июне),Zdawać (Zdaję egzamin w czerwcu)
Транспорт (Общественный транспорт в Гданьске хороший),Transport (Transport publiczny w Gdańsku jest dobry)
Улучшить (Исправь свою ошибку),Poprawić (Popraw swój błąd)
Улучшение (Улучшение погоды),Poprawa (Poprawa pogody)
Клиент (Клиент всегда прав),Klient (Klient zawsze ma rację)
Креветка (Креветки вкусные),Krewetka (Krewetki są smaczne)
Одновременно (Ты говоришь и ешь одновременно),Jednocześnie (Mówisz i jesz jednocześnie)
Овощ (Ешь много овощей),Warzywo (Jedz dużo warzyw)
Тофу (Я люблю тофу),Tofu (Lubię tofu)
Кредитный (У меня кредитная карта),Kredytowy (Mam kartę kredytową)
Публика (Публика аплодировала),Publiczność (Publiczność oklaskiwała)
Взаимно (Мы помогаем друг другу взаимно),Wzajemnie (Pomagamy sobie wzajemnie)
Уважать (Уважай других),Szanować (Szanuj innych)
Покой (Мне нужен покой),Spokój (Potrzebuję spokoju)
Развлечение (Мне нужно развлечение),Rozrywka (Potrzebuję rozrywki)
Открытый (Магазин открыт),Otwarty (Sklep jest otwarty)
Предпочла бы (Я бы предпочла остаться дома),Wolałabym (Wolałabym zostać w domu)
Пляж (Пляж в Гданьске красивый),Plaża (Plaża w Gdańsku jest piękna)
Тихо (Говори тихо),Cicho (Mów cicho)
Поехать (Мы поедем на море),Pojeść (Pojedziemy nad morze)
Проверить (Проверь почту),Sprawdzić (Sprawdź pocztę)
Доступность (Проверь доступность билетов),Dostępność (Sprawdź dostępność biletów)
Зуб (У меня болит зуб),Ząb (Boli mnie ząb)
Вечерний (Элегантный вечерний наряд),Wieczorowych (Elegancki strój wieczorowy)
Более ранний (Более ранний визит),Wcześniejszej (Wcześniejsza wizyta)
Реализовать (Я реализовал план),Zrealizować (Zrealizowałem plan)
Сообщить; заявить (Сообщи о проблеме),Zgłosić (Zgłoś problem)
Заявление (Я подал заявление),Zgłoszenie (Złożyłem zgłoszenie)
Колесо; около (Я стою около окна),Koło (Stoję koło okna)
Серийный (Серийный номер),Seryjny (Numer seryjny)
Посвятить (Я посвятил время учёбе),Poświęcić (Poświęciłem czas na naukę)
Гордый (Я горжусь тобой),Dumny (Jestem dumny z ciebie)
Заняться (Мы займёмся этим),Zajmiemy (Zajmiemy się tym)
Мода (Мода меняется),Moda (Moda się zmienia)
Объявить (Он объявил о своей помолвке),Ogłosić (Ogłosił swoje zaręczyny)
Полночь (Поезд в полночь),Północ (Pociąg o północy)
Казаться; выдавать (Я трачу деньги),Wydawać (Wydaję pieniądze)
Отдохнуть (Хочу отдохнуть),Odpocząć (Chcę odpocząć)
Длиться (Урок длится 45 минут),Trwać (Lekcja trwa 45 minut)
Заканчивать (Я заканчиваю работу в пять),Kończyć (Kończę pracę o piątej)
Включить (Завтрак включён в цену),Wliczć (Śniadanie wliczone w cenę)
Теоретический (Это теоретические знания),Teoretyczny (To teoretyczna wiedza)
Желать (Желаю тебе счастья),Życzeć (Życzę ci szczęścia)
Эксплуатация (Эксплуатация машины),Eksploatacja (Eksploatacja samochodu)
Финансировать (Я финансирую свой курс),Finansować (Finansuję swój kurs)
Взрослый (Я взрослый),Dorosły (Jestem dorosły)
Удостоверение (Покажи удостоверение),Legitymacja (Pokaż legitymację)
Библиотечный (У меня библиотечная карта),Biblioteczny (Mam kartę biblioteczną)
Взять напрокат; выдавать (Я беру книгу в библиотеке),Wypożyczeć (Wypożyczam książkę)
Стандартный (Это стандартная процедура),Standardowy (To standardowa procedura)
Уполномочивать (Я уполномочиваю тебя на получение),Upoważniać (Upoważniam cię do odbioru)
Групповой (У нас групповой билет),Grupowy (Mamy bilet grupowy)
Дополнительно (Дополнительно ты получаешь кофе),Dodatkowo (Dodatkowo dostajesz kawę)
Переслать (Я перешлю тебе документы по имейлу),Prześlę (Prześlę ci dokumenty mailem)
Новинка (Это новинка на рынке),Nowość (To nowość na rynku)
Советовать (Я советую тебе учить польский),Radzić (Radzę ci uczyć się polskiego)
Пакет (У меня пакет услуг),Pakiecie (Mam pakiet usług)
Бигос (Бигос — традиционное польское блюдо),Bigos (Bigos to tradycyjne polskie danie)
Фирменное блюдо (Это фирменное блюдо этого ресторана),Specjać (To specjał tej restauracji)
Ваш (Ваш дом красивый),Wasz (Wasz dom jest piękny)
Дичь (Дичь дорогая),Dziczyzny (Dziczyzna jest droga)
Происходить (Я родом из Гданьска),Pochodzić (Pochodzę z Gdańska)
Сегодняшний (Сегодняшний день прекрасный),Dzisiejszy (Dzisiejszy dzień jest piękny)
Шоколадный (Я люблю шоколадный пирог),Czekoladowy (Lubię czekoladowe ciasto)
Украшение (Украшение зала было красивым),Dekoracja (Dekoracja sali była piękna)
Фрукт (Ешь фрукты каждый день),Owoc (Jedz owoce codziennie)
Надпись (Прочитай надпись на двери),Napis (Przeczytaj napis na drzwiach)
Пылающий (Пылающее тепло из печи),Buchający (Buchające ciepło z pieca)
Огонь (Огонь в камине),Ogni (Ogień w kominku)
Осмотр (Осмотр Старого города),Zwiedzanie (Zwiedzanie Starego Miasta)
Динозавр (Динозавр в музее),Dinozaur (Dinozaur w muzeum)
Выше (Посмотри текст выше),Powyżej (Zobacz powyższy tekst)
Живо (Он живо реагирует на вопросы),Żywo (Żywo reaguje na pytania)
Фотобудка (Фотобудка на вечеринке),Fotobudka (Fotobudka na imprezie)
Специальность (Какая твоя специальность?),Specjalność (Jaka jest twoja specjalność?)
Рекрутер (Рекрутер задавал вопросы),Rekruter (Rekruter zadawał pytania)
Животное (Я люблю животных),Zwierzę (Kocham zwierzęta)
"Обеспечить (Уверяю тебя, это правда)","Zapewnić (Zapewniam cię, że to prawda)"
Условие (Это условие договора),Warunek (To warunek umowy)
Главный (Главный вокзал в Гданьске),Główny (Główny dworzec w Gdańsku)
Сердечный (Сердечно благодарю),Serdeczny (Serdecznie dziękuję)
Руководство (Руководство фирмы),Kierownictwo (Kierownictwo firmy)
Добавить (Добавь сахар в кофе),Dodać (Dodaj cukier do kawy)
Стиральная машина (Автоматическая стиральная машина),Pralki (Pralka automatyczna)
Подтверждение (Подтверждение брони),Potwierdzenie (Potwierdzenie rezerwacji)
Безопасность (Безопасность прежде всего),Bezpieczeństwo (Bezpieczeństwo przede wszystkim)
Сохранить; вести (Сохраняй спокойствие),Zachować (Zachowaj spokój)
Вход (Вход справа),Wejście (Wejście jest po prawej)
Отправить (Отправь мне документы),Przesłać (Prześlij mi dokumenty)
Оснастить (Я оснастил кухню),Wyposażyć (Wyposażyłem kuchnię)
Ежемесячно (Я плачу 2000 злотых ежемесячно),Miesięcznie (Płacę 2000 zł miesięcznie)
Медиа; коммунальные услуги (Коммунальные услуги за квартиру),Media (Media za mieszkanie)
Посмотреть (Я посмотрел этот фильм),Obejrzeć (Obejrzałem ten film)
Герой (Он герой),Bohater (On jest bohaterem)
Проблема (У меня проблемы),Kłopot (Mam kłopoty)
Расположение (Расположение отеля отличное),Położenie (Położenie hotelu jest świetne)
Рядом (Я живу рядом с магазином),Obok (Mieszkam obok sklepu)
Здание (Это высокое здание),Budynek (To wysoki budynek)
Провести; переехать (Я переехал в Гданьск),Przeprowadzić (Przeprowadziłem się do Gdańska)
Опасение (У меня есть опасения),Obawa (Mam obawy)
Выполнять (Я выполняю обязанности),Pełnić (Pełnię obowiązki)
Проводить (Я провожу время с семьёй),Spędzać (Spędzam czas z rodziną)
Сдвиг (Перенос срока),Przesunięcie (Przesunięcie terminu)
Бесплатный (Это бесплатный курс),Bezpłatny (To bezpłatny kurs)
Сутки (Сутки имеют 24 часа),Dobać (Doba ma 24 godziny)
Программа (У меня программа для учёбы),Program (Mam program do nauki)
Подавать; сообщать (Я подаю обед),Podawać (Podaję obiad)
Адекватный (Это адекватный ответ),Adekwatny (To adekwatna odpowiedź)
Усыновить (Я усыновил собаку),Adoptować (Adoptowałem psa)
Принимать (Я принимаю твои условия),Akceptować (Akceptuję twoje warunki)
Актуальный (Это актуальный адрес),Aktualny (To aktualny adres)
Амбициозный (Я амбициозен),Ambitny (Jestem ambitny)
Аппетит (У меня аппетит на пиццу),Apetyt (Mam apetyt na pizzę)
Аптека (Аптека работает круглосуточно),Apteka (Apteka jest czynna całą dobę)
Аргумент (У меня хороший аргумент),Argument (Mam dobry argument)
Арестовать (Они арестовали вора),Aresztować (Aresztowali złodzieja)
Атавистический (Это атавистическое поведение),Atawistyczny (To atawistyczne zachowanie)
Атмосфера (Атмосфера в городе классная),Atmosfera (Atmosfera w mieście jest fajna)
Привлекательный (Это привлекательное предложение),Atrakcyjny (To atrakcyjna oferta)
Исследование (Я делаю анализ крови),Badanie (Robię badania krwi)
Воздушный шар (Воздушный шар летит вверх),Balon (Balon leci w górę)
Банкет (Свадебный банкет был удачным),Bankiet (Bankiet weselny był udany)
Батарея (Батарея в телефоне садится),Bateria (Bateria w telefonie siada)
Безработный (Я безработный),Bezrobotny (Jestem bezrobotny)
Бег; течение (Бег на десять километров),Bieg (Bieg na dziesięć kilometrów)
Биология (Биология — интересный предмет),Biologia (Biologia to ciekawy przedmiot)
Бизнес (Я веду свой бизнес),Biznes (Prowadzę własny biznes)
Блог (Я пишу блог о путешествиях),Blog (Piszę blog podróżniczy)
Блузка (Я купила красивую блузку),Bluzka (Kupiłam ładną bluzkę)
Поле (спорт.) (Футбольное поле),Boisko (Boisko piłkarskie)
Болеть (У меня болит голова),Boli (Boli mnie głowa)
Строительство; структура (Строительство дома длится год),Budowa (Budowa domu trwa rok)
Бюджет (У меня ограниченный бюджет),Budżet (Mam ograniczony budżet)
Бутылка (Купи бутылку воды),Butelka (Kup butelkę wody)
Обувь (Я купил новую обувь),Buty (Kupiłem nowe buty)
Дюйм (Двадцать дюймов монитора),Cal (Dwadzieścia cali monitora)
Полный; целый (Полная стоимость),Całkowity (Całkowity koszt)
Химия (Химия в школе),Chemia (Chemia w szkole)
Хирург (Хирург провёл операцию),Chirurg (Chirurg przeprowadził operację)
Хлеб (Купи хлеб в пекарне),Chleb (Kup chleb w piekarni)
Прохладный (Вечер прохладный),Chłodny (Wieczór jest chłodny)
Больной (Я болен),Chory (Jestem chory)
Крестины (Крестины были в семье),Chrzciny (Chrzciny były w rodzinie)
Худой (Я худой),Chudy (Jestem chudy)
Тесто; пирог (Я испекла пирог),Ciasto (Upiekłam ciasto)
Интересно (Ты рассказываешь интересно),Ciekawie (Opowiadasz ciekawie)
Страдать (Я страдаю от головной боли),Cierpieć (Cierpię na ból głowy)
Груз; тяжесть (Это большой груз),Ciężar (To duży ciężar)
Тяжёлый (Это тяжёлая работа),Ciężki (To ciężka praca)
Тихий (Будь тихо),Cichy (Bądź cicho)
Кладбище (Кладбище в центре),Cmentarz (Cmentarz jest w centrum)
Коучинг (У меня сессия коучинга),Coaching (Mam sesję coachingową)
Сахар (Добавь сахар в чай),Cukier (Dodaj cukier do herbaty)
Конфета (Купи конфеты),Cukierek (Kup cukierki)
Цифра (У меня код из четырёх цифр),Cyfra (Mam kod składający się z czterech cyfr)
Цитата (Это цитата из книги),Cytat (To cytat z książki)
Чайник (Включи чайник),Czajnik (Włącz czajnik)
Шапка (У меня тёплая шапка),Czapka (Mam ciepłą czapkę)
Журнал (Я читаю журнал),Czasopismo (Czytam czasopismo)
Шоколад (Я люблю шоколад),Czekolada (Lubię czekoladę)
Красный (У меня красная машина),Czerwony (Mam czerwony samochód)
Соединять (Я соединяю слова в предложения),Czyć (Łączę słowa w zdania)
Фактор (Фактор риска),Czynnik (Czynnik ryzyka)
Читать (Я читаю книгу),Czytać (Czytam książkę)
Неужели (Неужели это правда?),Czyżby (Czyżby to prawda?)
Крыша (Крыша дома красная),Dach (Dach domu jest czerwony)
Данный (В данный момент),Dany (W danej chwili)
Дар (Это дар судьбы),Dar (To dar od losu)
Решать (Я решаю свою жизнь),Decydować (Decyduję o swoim życiu)
Определение (Я знаю определение этого слова),Definicja (Znam definicję tego słowa)
Деликатный (Будь деликатным),Delikatny (Bądź delikatny)
Демократия (Демократия в Польше),Demokracja (Demokracja w Polsce)
Стоматолог (Я иду к стоматологу),Dentysta (Idę do dentysty)
Депрессия (У меня депрессия),Depresja (Mam depresję)
Десерт (Принесите десерт),Deser (Poproszę deser)
Доска (Гладильная доска),Deska (Deska do prasowania)
Детектив (Детектив ведёт расследование),Detektyw (Detektyw prowadzi śledztwo)
Девиз (Мой девиз: никогда не сдавайся),Dewiza (Moja dewiza: nigdy się nie poddawaj)
Алмаз (Кольцо с алмазом),Diament (Pierścionek z diamentem)
Ручка (Одолжи мне ручку),Długopis (Pożycz mi długopis)
Долото (Долото для резьбы),Dłuto (Dłuto do rzeźbienia)
Сутки (Сутки имеют 24 часа),Doba (Doba ma 24 godziny)
Добавить (Добавь ещё одну вещь),Dodat (Dodaj jeszcze jedną rzecz)
Дополнение (Дополнение к зарплате),Dodatek (Dodatek do pensji)
Долить (Долей мне чая),Dolać (Dolej mi herbaty)
Требовать (Я требую справедливости),Domagać (Domagam się sprawiedliwości)
Вокруг (Вокруг деревья),Dookoła (Dookoła są drzewa)
Советник (Финансовый советник),Doradca (Doradca finansowy)
Посоветовать (Посоветуй мне что-нибудь),Doradzić (Doradź mi coś)
Взрослеть (Я взрослею с каждым днём),Dorośleć (Dorośleję z każdym dniem)
Поставщик (Поставщик еды),Dostawca (Dostawca jedzenia)
Касаться (Не трогай это),Dotykać (Nie dotykaj tego)
Доказать (Я докажу свою правоту),Dowieść (Udowodnię swoją rację)
Даун (Синдром Дауна),Down (Down to zespół genetyczny)
Ощущение (У меня новые ощущения),Doznanie (Mam nowe doznania)
Дожить (Я доживу до ста лет),Dożyć (Dożyję stu lat)
Мелкий (Мелкие деньги),Drobny (Drobne pieniądze)
Печать (Печать документов),Druk (Druk dokumentów)
Команда (Моя команда выиграла),Drużyna (Moja drużyna wygrała)
Дерево (Дерево в саду),Drzewo (Drzewo w ogrodzie)
Дух (Дух борьбы),Duch (Duch walki)
Гордость (Я горд),Duma (Jestem dumny)
Душа (У меня душа художника),Dusza (Mam duszę artysty)
Двор; усадьба (Усадьба в классическом стиле),Dwór (Dwór w stylu klasycystycznym)
Диктант (Мы пишем диктант),Dyktando (Piszemy dyktando)
Диплом (У меня диплом магистра),Dyplom (Mam dyplom magistra)
Дискретный; сдержанный (Будь сдержанным),Dyskretny (Bądź dyskretny)
Дистанция (Соблюдай дистанцию),Dystans (Zachowaj dystans)
Деятельность (Хозяйственная деятельность),Działalność (Działalność gospodarcza)
Действие (Действие лекарства),Działanie (Działanie leku)
Детство (Моё детство было счастливым),Dzieciństwo (Moje dzieciństwo było szczęśliwe)
Область (Это моя область),Dziedzina (To moja dziedzina)
Дневник; газета (Я читаю газету),Dziennik (Czytam dziennik)
Журналист (Журналист пишет статью),Dziennikarz (Dziennikarz pisze artykuł)
Арендовать (Я арендую поле),Dzierżawić (Dzierżawię pole)
Произведение (Это великое произведение искусства),Dzieło (To wielkie dzieło sztuki)
Дикий (Дикие животные),Dziki (Dziki zwierzęta)
"Удивлять (Я удивляюсь, что это работает)","Dziwić (Dziwię się, że to działa)"
Звонок (Позвони в дверь),Dzwonek (Zadzwoń dzwonkiem do drzwi)
Звук (Я слышу звук музыки),Dźwięk (Słyszę dźwięk muzyki)
Джем (Я люблю клубничный джем),Dżem (Lubię dżem truskawkowy)
Образование (Образование важно),Edukacja (Edukacja jest ważna)
Эффект (Конечный эффект),Efekt (Efekt końcowy)
Команда (Наша команда выиграла),Ekipa (Nasza ekipa wygrała)
Экология (Экология — важная тема),Ekologia (Ekologia to ważny temat)
Экономический (Экономическое развитие),Ekonomiczny (Rozwój ekonomiczny)
Экран (Экран компьютера),Ekran (Ekran komputera)
Эксперт (Я эксперт в своей области),Ekspert (Jestem ekspertem w swojej dziedzinie)
Элегантный (Ты выглядишь элегантно),Elegancki (Wyglądasz elegancko)
Электричество (Электричество в доме),Elektryczność (Elektryczność w domu)
Энергия (У меня много энергии),Energia (Mam dużo energii)
Эпидемия (Эпидемия гриппа),Epidemia (Epidemia grypy)
Эпоха (Новая эпоха технологий),Epoka (Nowa epoka technologii)
Эра (Новая цифровая эра),Era (Nowa era cyfrowa)
Кресло (Садись в кресло),Fotel (Usiądź w fotelu)
Французский (Я учу французский),Francuski (Uczę się francuskiego)
Шуба (У меня норковая шуба),Futro (Mam futro z norek)
Гаджет (Новый электронный гаджет),Gadżet (Nowy gadżet elektroniczny)
Галерея (Мы идём в торговый центр),Galeria (Idziemy do galerii handlowej)
Газета (Я читаю газету каждый день),Gazeta (Czytam gazetę codziennie)
Гимназия (Я ходил в гимназию),Gimnazjum (Chodziłem do gimnazjum)
Гитара (Я играю на гитаре),Gitara (Gram na gitarze)
Почва (Почва плодородная),Gleba (Gleba jest żyzna)
Глобальный (Глобальное потепление),Globalny (Globalne ocieplenie)
Достоинство (У меня есть своё достоинство),Godność (Mam swoją godność)
Экономика (Польская экономика),Gospodarka (Gospodarka polska)
Гостеприимный (Поляки гостеприимны),Gościnny (Polacy są gościnni)
Готовить (Я готовлю обед),Gotować (Gotuję obiad)
Наличные (Я плачу наличными),Gotówka (Płacę gotówką)
Граница (Граница Польши),Granica (Granica Polski)
Грозить (Мне грозит опасность),Grozić (Grozi mi niebezpieczeństwo)
Гриб (Грибы в лесу),Grzyb (Grzyby w lesie)
Гарантия (У меня гарантия на телефон),Gwarancja (Mam gwarancję na telefon)
Гармония (Я живу в гармонии),Harmonia (Żyję w harmonii)
Чай (Я пью чай),Herbata (Piję herbatę)
Честь (Это дело чести),Honor (To sprawa honoru)
Горизонт (Горизонт на море),Horyzont (Horyzont na morzu)
Юмор; настроение (У меня хорошее настроение),Humor (Mam dobry humor)
Идея (У меня новая идея),Idea (Mam nową ideę)
Идеал (Это мой идеал),Ideał (To mój ideał)
Кумир (Мой кумир — известный музыкант),Idol (Mój idol to znany muzyk)
Игла (Швейная игла),Igła (Igła do szycia)
Информировать (Я информирую тебя об изменениях),Informować (Informuję cię o zmianach)
Инициатива (У меня есть инициатива),Inicjatywa (Mam inicjatywę)
Инструкция (Инструкция по эксплуатации),Instrukcja (Instrukcja obsługi)
Инструмент (Я играю на инструменте),Instrument (Gram na instrumencie)
Умный (Ты умный),Inteligentny (Jesteś inteligentny)
Инвестиция (У меня инвестиция в недвижимость),Inwestycja (Mam inwestycję w nieruchomości)
Комната; палата (Приёмный покой в больнице),Izba (Izba przyjęć w szpitalu)
Яблоко (Я ем яблоко),Jabłko (Jem jabłko)
Пещера (Пещера в горах),Jaskinia (Jaskinia w górach)
Ясный; светлый (Сегодня светло),Jasny (Dzisiaj jest jasno)
Единица (У меня военная часть недалеко),Jednostka (Mam jednostkę wojskową niedaleko)
Кабина (Душевая кабина),Kabina (Kabina prysznicowa)
Календарь (У меня календарь на столе),Kalendarz (Mam kalendarz na biurku)
Камера (Камера в телефоне),Kamera (Kamera w telefonie)
Канал (Телевизионный канал),Kanał (Kanał telewizyjny)
Канцелярия (Юридическая контора),Kancelaria (Kancelaria prawna)
Диван (Я сижу на диване),Kanapa (Siedzę na kanapie)
Шляпа (У меня шляпа на голове),Kapelusz (Mam kapelusz na głowie)
Капитал (У меня есть капитал для инвестиций),Kapitał (Mam kapitał na inwestycję)
Наказание (Я получил наказание),Kara (Dostałem karę)
Карьера (Моя профессиональная карьера),Kariera (Moja kariera zawodowa)
Каталог (Каталог продуктов),Katalog (Katalog produktów)
Категория (Какая категория?),Kategoria (Jaka jest kategoria?)
Католический (Я католик),Katolicki (Jestem katolikiem)
Кусочек (Кусочек пирога),Kawałek (Kawałek ciasta)
Кафе (Кафе в центре),Kawiarnia (Kawiarnia w centrum)
Палка (Клюшка для хоккея),Kij (Kij do hokeja)
Несколько сотен (Несколько сотен человек),Kilkaset (Kilkaset osób)
Монастырь (Монастырь в Гданьске),Klasztor (Klasztor w Gdańsku)
Клещ (Клещ в лесу),Kles (Kleszcz w lesie)
Очередь; железная дорога (Я жду в очереди),Kolej (Czekam w kolejce)
Очередь (Длинная очередь в магазин),Kolejka (Długa kolejka do sklepu)
Коллекция (Моя коллекция пластинок),Kolekcja (Moja kolekcja płyt)
Колядка (Колядка на Рождество),Kolęda (Kolęda na Boże Narodzenie)
Колония (Летний лагерь для детей),Kolonia (Kolonia letnia dla dzieci)
Команда; отделение (Отделение полиции),Komenda (Komenda policji)
Коммерческий (Коммерческая реклама),Komercyjny (Reklama komercyjna)
Комиссия (Экзаменационная комиссия),Komisja (Komisja egzaminacyjna)
Комитет (Организационный комитет),Komitet (Komitet organizacyjny)
Клетка; мобильный (Клетка в организме),Komórka (Komórka w organizmie)
Компьютер (У меня новый компьютер),Komputer (Mam nowy komputer)
Сообщение (У меня сообщение для вас),Komunikat (Mam komunikat dla was)
Состояние (Я в хорошей форме),Kondycja (Jestem w dobrej kondycji)
Конференция (Конференция в Гданьске),Konferencja (Konferencja w Gdańsku)
Конфликт (У меня конфликт с соседом),Konflikt (Mam konflikt z sąsiadem)
Обязательно (Мне обязательно нужно идти),Koniecznie (Muszę koniecznie iść)
Конкуренция (У меня конкуренция в бизнесе),Konkurencja (Mam konkurencję w biznesie)
Последствие (У меня последствия моего поступка),Konsekwencja (Mam konsekwencje swojego czynu)
Консультация (У меня консультация с врачом),Konsultacja (Mam konsultację z lekarzem)
Контракт (Я подписал контракт),Kontrakt (Podpisałem kontrakt)
Счёт (У меня счёт в банке),Konto (Mam konto w banku)
Копия (Сделай копию документов),Kopia (Zrób kopię dokumentów)
Коронавирус (Коронавирус изменил мир),Koronawirus (Koronawirus zmienił świat)
Выгода (У меня финансовая выгода),Korzyść (Mam korzyści finansowe)
Рубашка (У меня белая рубашка),Koszula (Mam białą koszulę)
Креативный (Я креативный),Kreatywny (Jestem kreatywny)
Кредит (У меня кредит в банке),Kredyt (Mam kredyt w banku)
Критерий (Критерий выбора),Kryterium (Kryterium wyboru)
Кратко (Говори кратко),Krótko (Mów krótko)
Стул (Садись на стул),Krzesło (Usiądź na krześle)
Крик (Я слышу крик),Krzyk (Słyszę krzyk)
Ксёндз (Ксёндз в костёле),Ksiądz (Ksiądz w kościele)
Книжный магазин (Книжный магазин в центре),Księgarnia (Księgarnia w centrum)
Форма (Какая форма?),Kształt (Jaki jest kształt?)
Кухня (Я люблю свою кухню),Kuchnia (Lubię swoją kuchnię)
Культура (Польская культура),Kultura (Polska kultura)
Двоюродный брат (Мой двоюродный брат живёт в Лондоне),Kuzyn (Mój kuzyn mieszka w Londynie)
Сумма (Какая сумма?),Kwota (Jaka jest kwota?)
Лететь (Самолёт летит в Варшаву),Lecieć (Samolot leci do Warszawy)
Лекарство (Я принимаю лекарство каждый день),Lekarstwo (Biorę lekarstwo codziennie)
Лёгкий (Это лёгкое),Lekki (To jest lekkie)
Лучше (Я чувствую себя лучше),Lepiej (Czuję się lepiej)
Лицензия (У меня лицензия пилота),Licencja (Mam licencję pilota)
Лимузин (Лимузин на свадьбу),Limuzyna (Limuzyna na ślub)
Линия (Прямая линия),Linia (Prosta linia)
Список (Список покупок),Lista (Lista zakupów)
Литература (Я читаю польскую литературу),Literatura (Czytam literaturę polską)
Холодильник (Холодильник полный),Lodówka (Lodówka jest pełna)
Помещение (У меня помещение в аренду),Lokal (Mam lokal do wynajęcia)
Население (Население Гданьска),Ludność (Ludność Gdańska)
Февраль (Февраль — холодный месяц),Luty (Luty to zimny miesiąc)
Лёгкий (Это лёгкое задание),Łatwy (To łatwe zadanie)
Соединять (Я соединяю слова),Łączyć (Łączę słowa)
Склад; журнал (Склад с товарами),Magazyn (Magazyn z towarami)
Май (Май — красивый месяц),Maj (Maj to piękny miesiąc)
Мастер (Мастер в мастерской),Majster (Majster w warsztacie)
Макияж (Я делаю макияж),Makijaż (Robię makijaż)
Рисовать (Я рисую картину),Malować (Maluję obraz)
Морковь (Купи морковь для супа),Marchew (Kup marchew na zupę)
Март (Март — весенний месяц),Marzec (Marzec to wiosenny miesiąc)
Массаж (Расслабляющий массаж),Masaż (Masaż relaksacyjny)
Машина (Кофемашина),Maszyna (Maszyna do kawy)
Математика (Математика в школе),Matematyka (Matematyka w szkole)
Материал (Материал на платье),Materiał (Materiał na sukienkę)
Матч (Футбольный матч),Mecz (Mecz piłki nożnej)
Медаль (Я получил медаль),Medal (Dostałem medal)
Медицинский (Медицинское образование),Medyczny (Studia medyczne)
Мера (Мера успеха),Miara (Miara sukcesu)
Меч (Рыцарский меч),Miecz (Miecz rycerski)
Между (Между нами),Miedzy (Między nami)
Мягкий (Хлеб мягкий),Miękki (Chleb jest miękki)
Любовь (Любовь к музыке),Miłość (Miłość do muzyki)
Министр (Министр образования),Minister (Minister edukacji)
Министерство (Министерство финансов),Ministerstwo (Ministerstwo Finansów)
Минус (Минус пять градусов),Minus (Minus pięć stopni)
Миссия (Моя жизненная миссия),Misja (Moja misja życiowa)
Молодость (Я вспоминаю молодость),Młodość (Wspominam młodość)
Молитва (Молитва в костёле),Modlitwa (Modlitwa w kościele)
Мокрый (Я мокрый от дождя),Mokry (Jestem mokry od deszczu)
Монета (Старая монета),Moneta (Stara moneta)
Монтаж (Сборка мебели),Montaż (Montaż mebli)
Мост (Мост в Гданьске),Most (Most w Gdańsku)
Мотоцикл (У меня мотоцикл),Motocykl (Mam motocykl)
Мотор (Двигатель машины),Motor (Motor samochodu)
Мыть (Я мою руки),Myć (Myję ręce)
Ближайший (Ближайшая остановка),Najbliższy (Najbliższy przystanek)
Приказ (Судебный приказ),Nakaz (Nakaz sądowy)
Наркотик (Наркотики нелегальны),Narkotyk (Narkotyki są nielegalne)
Национальный (Национальный праздник),Narodowy (Święto narodowe)
Подросток (Я подросток),Nastolatek (Jestem nastolatkiem)
Вести переговоры (Я веду переговоры об условиях договора),Negocjować (Negocjuję warunki umowy)
Невозможный (Это невозможно),Niemożliwy (To niemożliwe)
Отсутствующий (Я отсутствовал),Nieobecny (Byłem nieobecny)
Независимость (Независимость Польши),Niepodległość (Niepodległość Polski)
Нести (Я несу покупки),Nieść (Niosę zakupy)
Летучая мышь (Летучая мышь в пещере),Nietoperz (Nietoperz w jaskini)
Независимый (Я независимый),Niezależny (Jestem niezależny)
Никакой; средний (род) (Это средний род),Nijaki (To rodzaj nijaki)
Уничтожать (Не уничтожай вещи),Niszczyć (Nie niszcz rzeczy)
Ночлег (Я ищу ночлег),Nocleg (Szukam noclegu)
Нормальный (Это нормально),Normalny (To normalne)
Носить (Я ношу очки),Nosić (Noszę okulary)
Заметка (Делать заметки),Notatka (Robić notatki)
Современный (Это современный город),Nowoczesny (To nowoczesne miasto)
Нож (Нож для резки),Nóż (Nóż do krojenia)
Скучный (Это скучный фильм),Nudny (To nudny film)
Обед (Я обедаю в два),Obiad (Jem obiad o drugiej)
Объект (Это новый спортивный объект),Obiekt (To nowy obiekt sportowy)
Обещание (Я держу обещание),Obietnica (Dotrzymuję obietnicy)
Облигация (У меня государственные облигации),Obligacja (Mam obligacje państwowe)
Картина; образ (У меня картина на стене),Obraz (Mam obraz na ścianie)
Область; территория (Большая территория),Obszar (Duży obszar)
Оценивать (Я оцениваю ситуацию),Oceniać (Oceniam sytuację)
Ожидать (Я ожидаю ответа),Oczekiwać (Oczekuję na odpowiedź)
Отделение (Отделение банка),Oddział (Oddział banku)
Одежда (Спортивная одежда),Odzież (Odzież sportowa)
Костёр (Костёр на пляже),Ognisko (Ognisko na plaży)
Общий (Общее правило),Ogólny (Ogólna zasada)
Огромный (Огромный дом),Ogromny (Ogromny dom)
Окно (Окно в комнате),Okno (Okno w pokoju)
Обстоятельство (Смягчающие обстоятельства),Okoliczność (Okoliczności łagodzące)
Период (Испытательный период),Okres (Okres próbny)
Определённый (В определённое время),Określony (W określonym czasie)
Масло (Масло для жарки),Olej (Olej do smażenia)
Опекун (Я опекун ребёнка),Opiekun (Jestem opiekunem dziecka)
Рассказ; повесть (Рассказ о Гданьске),Opowieść (Opowieść o Gdańsku)
Задержка (Задержка поезда),Opóźnienie (Opóźnienie pociągu)
Оптимист (Я оптимист),Optymista (Jestem optymistą)
Оригинальный (Это оригинальная идея),Oryginalny (To oryginalny pomysł)
Подходить (Это тебе подходит),Pasować (To pasuje do ciebie)
Страсть (Моя страсть — фотография),Pasja (Moja pasja to fotografia)
Полоса; диапазон (Горная гряда),Pasmo (Pasmo górskie)
Паспорт (У меня паспорт),Paszport (Mam paszport)
Смотреть (Я смотрю на море),Patrzeć (Patrzę na morze)
Ноготь (Я стригу ногти),Paznokieć (Obcinam paznokcie)
Толкать (Толкай дверь),Pchać (Pchaj drzwi)
Педагог (Школьный педагог),Pedagog (Pedagog szkolny)
Зарплата (Моя зарплата хорошая),Pensja (Moja pensja jest dobra)
Перспектива (Новая перспектива),Perspektywa (Nowa perspektywa)
"Уверенно; наверное (Наверное, да)",Pewnie (Pewnie tak)
Пианино (Я играю на пианино),Pianino (Gram na pianinie)
Печь (Печь на кухне),Piec (Piec w kuchni)
Печать (Печать на документе),Pieczątka (Pieczątka na dokumencie)
Жаркое (Жаркое из свинины),Pieczeń (Pieczeń wieprzowa)
Деньги (Мне нужны деньги),Pieniądze (Potrzebuję pieniędzy)
Грудь (У неё сильная грудь),Pierś (Ma silne piersi)
Собачка (Маленькая собачка),Piesek (Mały piesek)
Песня (Красивая песня),Piosenka (Ładna piosenka)
Перо; ручка (Перьевая ручка),Pióro (Pióro wieczne)
Подвал (Подвал в доме),Piwnica (Piwnica w domu)
Пицца (Я люблю пиццу),Pizza (Lubię pizzę)
Пирог (Пирог по-венгерски),Placek (Placek po węgiersku)
Плакат (Плакат на стене),Plakat (Plakat na ścianie)
Планета (Земля — планета),Planeta (Ziemia to planeta)
Платформа (Образовательная платформа),Platforma (Platforma edukacyjna)
Плюс (Плюс пять градусов),Plus (Plus pięć stopni)
Плита; пластинка (Компакт-диск),Płyta (Płyta CD)
Плавать (Я плаваю в бассейне),Pływać (Pływam w basenie)
Почта (Я иду на почту),Poczta (Idę na pocztę)
Чувство (У меня есть чувство юмора),Poczucie (Mam poczucie humoru)
Заявление (Я подаю заявление о работе),Podanie (Składam podanie o pracę)
Налог (Я плачу налоги),Podatek (Płacę podatki)
Учебник (Учебник польского),Podręcznik (Podręcznik do polskiego)
Поблагодарить (Хочу тебя поблагодарить),Podziękować (Chcę ci podziękować)
Поэт (Это известный поэт),Poeta (To znany poeta)
Транспортное средство (Механическое транспортное средство),Pojazd (Pojazd mechaniczny)
Показ (Показ мод),Pokaz (Pokaz mody)
Палуба (Палуба корабля),Pokład (Pokład statku)
Поколение (Новое поколение),Pokolenie (Nowe pokolenie)
Преодолеть (Я преодолел трудности),Pokonać (Pokonałem trudności)
Полицейский (Полицейский на улице),Policjant (Policjant na ulicy)
Политика (Внешняя политика),Polityka (Polityka zagraniczna)
Полюбить (Я полюбил этот город),Polubić (Polubiłem to miasto)
Апельсин (Апельсиновый сок),Pomarańcza (Sok z pomarańczy)
Полезный (Это было полезно),Pomocny (To było pomocne)
Поддержка (У меня поддержка семьи),Poparcie (Mam poparcie rodziny)
Правильность (Грамматическая правильность),Poprawność (Poprawność gramatyczna)
Порция (Порция картошки фри),Porcja (Porcja frytek)
Роды (Роды в больнице),Poród (Poród w szpitalu)
Бумажник (Бумажник для денег),Portfel (Portfel na pieniądze)
Портрет (Портрет на стене),Portret (Portret na ścianie)
Приём пищи (Главный приём пищи дня),Posiłek (Główny posiłek dnia)
Послушать (Послушай эту песню),Posłuchać (Posłuchaj tej piosenki)
Прогресс (Технологический прогресс),Postęp (Postęp technologiczny)
Решить (Я решил переехать),Postanowić (Postanowiłem się przeprowadzić)
Поиск (Поиск работы),Poszukiwanie (Poszukiwanie pracy)
Потом (Потом я пойду в магазин),Potem (Potem pójdę do sklepu)
Мощь (Мощь природы),Potęga (Potępa przyrody)
Воздух (Свежий воздух),Powietrze (Świeże powietrze)
Повесить (Повесь картину на стену),Powiesić (Powieś obraz na ścianie)
Увеличить (Увеличь фото),Powiększyć (Powiększ zdjęcie)
Призвание (Моё призвание — музыка),Powołanie (Moje powołanie to muzyka)
Повторять (Я повторяю слова),Powtarzać (Powtarzam słówka)
Остаться (Останься со мной),Pozostać (Pozostań ze mną)
Позволить (Позволь мне пройти),Pozwolić (Pozwól mi przejść)
Полка (Полка для книг),Półka (Półka na książki)
Стирка (Я делаю стирку),Pranie (Robię pranie)
Пресса (Я читаю прессу),Prasa (Czytam prasę)
Точный (Будь точным),Precyzyjny (Bądź precyzyjny)
Предпочитать (Я предпочитаю кофе),Preferować (Preferuję kawę)
Президент (Президент города),Prezydent (Prezydent miasta)
Процесс (Процесс производства),Proces (Proces produkcji)
Производитель (Производитель машин),Producent (Producent samochodów)
Производство (Производство фильма),Produkcja (Produkcja filmu)
Профессия (Какая твоя профессия?),Profesja (Jaka jest twoja profesja?)
Акция; продвижение (Акция в магазине),Promocja (Promocja w sklepie)
Протест (Уличный протест),Protest (Protest uliczny)
Провинция (Провинция в Польше),Prowincja (Prowincja w Polsce)
Предприятие (Государственное предприятие),Przedsiębiorstwo (Przedsiębiorstwo państwowe)
Детский сад (Ребёнок идёт в детский сад),Przedszkole (Dziecko idzie do przedszkola)
Убеждение (У меня сильные убеждения),Przekonanie (Mam silne przekonania)
Перелёт (Перелёт над городом),Przelot (Przelot nad miastem)
Пространство (Открытое пространство),Przestrzeń (Otwarta przestrzeń)
Препятствие (Препятствие на дороге),Przeszkoda (Przeszkoda na drodze)
Прошлое (Прошлое города),Przeszłość (Przeszłość miasta)
Тендер (Публичный тендер),Przetarg (Przetarg publiczny)
Преимущество (У меня преимущество),Przewaga (Mam przewagę)
Через (Я иду через парк),Przez (Idę przez park)
Предок (Мои предки),Przodek (Moi przodkowie)
Будущий (Будущий год),Przyszły (Przyszły rok)
Приключение (У меня приключение),Przygoda (Mam przygodę)
Приём; вечеринка (День рождения),Przyjęcie (Przyjęcie urodzinowe)
"По крайней мере (По крайней мере, попробуй)",Przynajmniej (Przynajmniej spróbuj)
Природа (Польская природа),Przyroda (Polska przyroda)
Наречие (Наречие в предложении),Przysłówek (Przysłówek w zdaniu)
Остановка (Автобусная остановка),Przystanek (Przystanek autobusowy)
Привилегия (У меня привилегии),Przywilej (Mam przywileje)
Психолог (Психолог в школе),Psycholog (Psycholog w szkole)
Публичный (Общественный транспорт),Publiczny (Transport publiczny)
Публикация (Новая публикация),Publikacja (Nowa publikacja)
Пустой (Пустая комната),Pusty (Pusty pokój)
Пустить (Отпусти это),Puścić (Puść to)
Счёт; чек (Попрошу счёт),Rachunek (Poproszę rachunek)
Радио (Я слушаю радио),Radio (Słucham radia)
Рай (Рай на земле),Raj (Raj na ziemi)
Рак (Рак — это болезнь),Rak (Rak to choroba)
Раса; порода (Порода собаки),Rasa (Rasa psa)
Реализовать (Я реализую план),Realizować (Realizuję plan)
Рецепт (Рецепт от врача),Recepta (Recepta od lekarza)
Реформа (Реформа образования),Reforma (Reforma edukacji)
Регион (Поморский регион),Region (Region pomorski)
Регистрация (Регистрация на курс),Rejestracja (Rejestracja na kurs)
Рекорд (Рекорд Польши),Rekord (Rekord Polski)
Отношение; связь (Репортаж с мероприятия),Relacja (Relacja z wydarzenia)
Религия (Христианская религия),Religia (Religia chrześcijańska)
Ремонт (Ремонт квартиры),Remont (Remont mieszkania)
Результат (Хороший результат),Rezultat (Dobry rezultat)
Полотенце (Полотенце на пляж),Ręcznik (Ręcznik na plażę)
Роль (Моя роль в проекте),Rola (Moja rola w projekcie)
Роман (Я читаю роман),Roman (Czytam romans)
Растение (Комнатное растение),Roślina (Roślina doniczkowa)
Раздел; глава (Новая глава в жизни),Rozdział (Nowy rozdział w życiu)
Начать (Я начну учёбу в понедельник),Rozpocząć (Rozpocznę naukę w poniedziałek)
Понимание (У меня хорошее понимание языка),Rozumienie (Mam dobre rozumienie języka)
Разница (Большая разница),Różnica (Duża różnica)
Рубеж (Рубеж города),Rubież (Rubież miasta)
Движение (Движение на улице),Ruch (Ruch na ulicy)
Рыжий (У меня рыжие волосы),Rudy (Mam rude włosy)
Ромашка (Ромашковый чай),Rumianek (Herbata z rumianku)
Двигаться (Давайте двигаться!),Ruszać (Ruszajmy!)
Рыбак (Рыбак у озера),Rybak (Rybak nad jeziorem)
Рисовать (Я рисую картинку),Rysować (Rysuję obrazek)
Ритм (Ритм музыки),Rytm (Rytm muzyki)
Редкий (Это редкое явление),Rzadki (To rzadkie zjawisko)
Река (Река в городе),Rzeka (Rzeka w mieście)
Ремесло (Художественное ремесло),Rzemiosło (Rzemiosło artystyczne)
Действительность (Действительность иная),Rzeczywistość (Rzeczywistość jest inna)
Представитель (Представитель полиции),Rzecznik (Rzecznik policji)
Удовлетворение (У меня удовлетворение),Satysfakcja (Mam satysfakcję)
Секрет (Это секрет),Sekret (To sekret)
Секретарь (Секретарь в офисе),Sekretarka (Sekretarka w biurze)
Сектор (Частный сектор),Sektor (Sektor prywatny)
Сон (У меня красивый сон),Sen (Mam piękny sen)
Старший (Старший в семье),Senior (Senior w rodzinie)
Разделение (Разделение с семьёй),Separacja (Separacja od rodziny)
Сердце (Моё сердце бьётся для тебя),Serce (Moje serce bije dla ciebie)
Серия (Серия событий),Seria (Seria wydarzeń)
Сервер (Сервер в фирме),Serwer (Serwer w firmie)
Сессия (Экзаменационная сессия),Sesja (Sesja egzaminacyjna)
Сидеть (Я сижу на стуле),Siedzieć (Siedzę na krześle)
Сила (У меня сила),Siła (Mam siłę)
Двигатель (Двигатель машины),Silnik (Silnik samochodu)
Платье (У меня красное платье),Sukienka (Mam czerwoną sukienkę)
Сумма (Сумма денег),Suma (Suma pieniędzy)
Суррогация (Суррогация — юридический процесс),Surogacja (Surogacja to proces prawny)
Шкаф (Шкаф в комнате),Szafa (Szafa w pokoju)
Шанс (У меня шанс на выигрыш),Szansa (Mam szansę na wygraną)
Стакан (Стакан воды),Szklanka (Szklanka wody)
Искусственный (Искусственный интеллект),Sztuczny (Sztuczna inteligencja)
Искусство; пьеса (Современное искусство),Sztuka (Sztuka współczesna)
Расследование (Расследование по делу),Śledztwo (Śledztwo w sprawie)
Мусорка (Выброси в мусорку),Śmietnik (Wyrzuć do śmietnika)
Петь (Я пою песню),Śpiewać (Śpiewam piosenkę)
Свидетельствовать (Я оказываю услуги),Świadczyć (Świadczę usługi)
Сознание (У меня есть осознание ситуации),Świadomość (Mam świadomość sytuacji)
Свет (Включи свет),Światło (Zapal światło)
Планшет (У меня планшет для учёбы),Tablet (Mam tablet do nauki)
Тарелка (Тарелка на стол),Talerz (Talerz na stół)
Дешёвый (Это дешёвый отель),Tani (To tani hotel)
Папа (Мой папа — инженер),Tata (Mój tata jest inżynierem)
Темп (Быстрый темп),Tempo (Szybkie tempo)
Терапия (Психологическая терапия),Terapia (Terapia psychologiczna)
Территория (Территория Польши),Terytorium (Terytorium Polski)
Скучать (Я скучаю по дому),Tęsknić (Tęsknię za domem)
Толпа (Толпа на улице),Tłum (Tłum na ulicy)
Объяснять; переводить (Я перевожу текст),Tłumaczyć (Tłumaczę tekst)
Товар (Товар в магазине),Towar (Towar w sklepie)
Традиция (Польская традиция),Tradycja (Polska tradycja)
Трагедия (Трагедия в театре),Tragedia (Tragedia w teatrze)
Относиться; трактовать (Я отношусь к этому серьёзно),Traktować (Traktuję to poważnie)
"Утверждать (Я утверждаю, что прав)","Twierdzić (Twierdzę, że mam rację)"
Творец (Создатель фильма),Twórca (Twórca filmu)
Добиваться (Я претендую на работу),Ubiegać (Ubiegam się o pracę)
Сходить; считаться (Он считается экспертом),Uchodzić (Uchodzi za eksperta)
Честный (Я честный),Uczciwy (Jestem uczciwy)
Вуз (Высшее учебное заведение),Uczelnia (Uczelnia wyższa)
Ученик (Ученик в школе),Uczeń (Uczeń w szkole)
Чувство (У меня чувство голода),Uczucie (Mam uczucie głodu)
Соглашение (Судебное соглашение),Ugoda (Ugoda sądowa)
Отрицательный (Отрицательное число),Ujemny (Liczba ujemna)
Система; договор (Нервная система),Układ (Układ nerwowy)
Украинский (Я учу украинский),Ukraiński (Uczę się ukraińskiego)
Ультразвук (Ультразвук в медицине),Ultradźwięk (Ultradźwięk w medycynie)
Договор (Трудовой договор),Umowa (Umowa o pracę)
Университет (Гданьский университет),Uniwersytet (Uniwersytet Gdański)
Падение (Падение с велосипеда),Upadek (Upadek z roweru)
Упрямый (Я упрямый),Uparty (Jestem uparty)
Сувенир (Сувенир для гостей),Upominek (Upominek dla gości)
Учреждение (Городская администрация),Urząd (Urząd miasta)
Чиновник (Чиновник в офисе),Urzędnik (Urzędnik w biurze)
Удержать (Удержи равновесие),Utrzymać (Utrzymaj równowagę)
Обожать (Я обожаю путешествия),Uwielbiać (Uwielbiam podróże)
Признать (Я признал свою ошибку),Uznać (Uznałem swój błąd)
Недостаток (Дефект зрения),Wada (Wada wzroku)
Вес (Вес тела),Waga (Waga ciała)
Бороться (Я борюсь за своё),Walczyć (Walczę o swoje)
Борьба (Борьба за лучшее завтра),Walka (Walka o lepsze jutro)
Стая (Стая волков),Wataha (Wataha wilków)
Узкий (Узкая улица),Wąski (Wąska ulica)
Вдова (Вдова после мужа),Wdowa (Wdowa po mężu)
Уголь (Каменный уголь),Węgiel (Węgiel kamienny)
Вера (У меня есть вера),Wiara (Mam wiarę)
Вилка (Вилка на столе),Widelec (Widelec na stole)
Вечный (Вечная любовь),Wieczny (Wieczna miłość)
Знание (Знание о Польше),Wiedza (Wiedza o Polsce)
Великий (Великий успех),Wielki (Wielki sukces)
Свинина (Свинина на обед),Wieprzowina (Wieprzowina na obiad)
Верить (Я верю в себя),Wierzyć (Wierzę w siebie)
Вешалка (Вешалка для одежды),Wieszak (Wieszak na ubrania)
Больше (Я хочу больше),Więcej (Chcę więcej)
"Итак; поэтому (Итак, у меня есть время)",Więc (Mam więc czas)
Заключённый (Заключённый в тюрьме),Więzień (Więzień w więzieniu)
Вилла (Живёт в вилле),Willi (Mieszka w willi)
Лифт (Лифт в доме),Winda (Winda w bloku)
Вино (Красное вино),Wino (Czerwone wino)
Вирус (Компьютерный вирус),Wirus (Wirus komputerowy)
Вишлист (Мой вишлист на день рождения),Wishlista (Moja wishlista na urodziny)
Видение (У меня есть видение будущего),Wizja (Mam wizję przyszłości)
Власть (Государственная власть),Władza (Władza państwowa)
Вывод; заявление (Заявление о работе),Wniosek (Wniosek o pracę)
Внук (Моему внуку два года),Wnuczek (Mój wnuczek ma dwa lata)
Свобода (Свобода слова),Wolność (Wolność słowa)
Война (Война в Украине),Wojna (Wojna na Ukrainie)
Зов (Зов о помощи),Wołanie (Wołanie o pomoc)
Обет (Обеты в костёле),Wota (Wota w kościele)
Восток; восход (Восход солнца),Wschód (Wschód słońca)
Совместно (Мы делаем это вместе),Wspólnie (Robimy to wspólnie)
Современный (Современное искусство),Współczesny (Współczesna sztuka)
Сотрудничество (Международное сотрудничество),Współpraca (Współpraca międzynarodowa)
Вселенная (Вселенная бесконечна),Wszechświat (Wszechświat jest nieskończony)
Всякий (Все права защищены),Wszelki (Wszelkie prawa zastrzeżone)
Вилка (штепсель) (Вилка в розетку),Wtyczka (Wtyczka do gniazdka)
Экскурсия (Экскурсия в Гданьск),Wycieczka (Wycieczka do Gdańska)
Издание (Новое издание книги),Wydanie (Nowe wydanie książki)
Расход (Большой расход),Wydatek (Duży wydatek)
Лекция (Лекция в университете),Wykład (Wykład na uniwersytecie)
Вознаграждение (Вознаграждение за работу),Wynagrodzenie (Wynagrodzenie za pracę)
Воображение (У меня богатое воображение),Wyobraźnia (Mam bujną wyobraźnię)
Выплата (Зарплата в пятницу),Wypłata (Wypłata w piątek)
Усилие (Большое усилие),Wysiłek (Duży wysiłek)
Высота (Высота здания),Wysokość (Wysokość budynku)
Вызов (Новый вызов),Wyzwanie (Nowe wyzwanie)
Отношение; соображение (Ради тебя),Wzgląd (Ze względu na ciebie)
Образец; формула (Узор на платье),Wzór (Wzór na sukience)
Процедура (Медицинская процедура),Zabieg (Zabieg medyczny)
Убийство (Убийство в городе),Zabójstwo (Zabójstwo w mieście)
Вопрос; проблема (Сложный вопрос),Zagadnienie (Trudne zagadnienie)
Заграничный (Иностранный язык),Zagraniczny (Język zagraniczny)
Запрет (Запрет курения),Zakaz (Zakaz palenia)
Объём; диапазон (Круг обязанностей),Zakres (Zakres obowiązków)
Достоинство (Преимущество квартиры),Zaleta (Zaleta mieszkania)
Команда; экипаж (Экипаж корабля),Załoga (Załoga statku)
Покушение (Покушение в городе),Zamach (Zamach w mieście)
Замужняя (Я замужем),Zamężny (Jestem zamężna)
Замок; застёжка (Замок крестоносцев),Zamek (Zamek krzyżacki)
Закрытый (Магазин закрыт),Zamknięty (Sklep jest zamknięty)
Заказ (Заказ в ресторане),Zamówienie (Zamówienie w restauracji)
Запас (У меня запас еды),Zapas (Mam zapas jedzenia)
Заплатить (Я заплатил счёт),Zapłacić (Zapłaciłem rachunek)
Заработок (Хороший заработок),Zarobek (Dobry zarobek)
Заместитель (Я заместитель директора),Zastępca (Jestem zastępcą dyrektora)
Применение (Применение технологии),Zastosowanie (Zastosowanie technologii)
Ресурс (Природные ресурсы),Zasób (Zasoby naturalne)
Трудоустройство (Трудоустройство в фирме),Zatrudnienie (Zatrudnienie w firmie)
Доверие (У меня доверие к тебе),Zaufanie (Mam zaufanie do ciebie)
Исследовать (Обследуй пациента),Zbadać (Zbadaj pacjenta)
Резервуар (Водный резервуар),Zbiornik (Zbiornik wodny)
Сборник (Сборник стихов),Zbiór (Zbiór wierszy)
Событие (Странное событие),Zdarzenie (Dziwne zdarzenie)
Завоевать (Я завоевал награду),Zdobyć (Zdobyłem nagrodę)
Способность (У меня языковые способности),Zdolność (Mam zdolności językowe)
Зебра (Зебра на переходе),Zebra (Zebra na przejściu)
Собрание (Собрание на работе),Zebranie (Zebranie w pracy)
Часы (Часы на стене),Zegar (Zegar na ścianie)
Земля (Земля-мать),Ziemia (Ziemia matka)
Картофель (Купи картофель),Ziemniak (Kup ziemniaki)
Зима (Зима в Гданьске),Zima (Zima w Gdańsku)
Знак (Дорожный знак),Znak (Znak drogowy)
Исчезнуть (Он исчез из дома),Zniknąć (Zniknął z domu)
Уничтожить (Я разбил телефон),Zniszczyć (Zniszczyłem telefon)
Обязательство (У меня финансовые обязательства),Zobowiązanie (Mam zobowiązania finansowe)
Обычный (Это обычный день),Zwykły (To zwykły dzień)
Продовольствие (Экологическая еда),Żywność (Żywność ekologiczna)
День рождения (У меня день рождения в мае),Urodziny (Mam urodziny w maju)
Терять (Я теряю время),Tracić (Tracę czas)
Шаг (Один шаг вперёд),Krok (Jeden krok do przodu)
Парковка (Подземная парковка),Parking (Parking podziemny)
Пребывание (Пребывание в Гданьске),Pobyt (Pobyt w Gdańsku)
Стресс (У меня стресс перед экзаменом),Stres (Mam stres przed egzaminem)
"Итак (Итак, идём?)",Zatem (Zatem idziemy?)
Способный (Я способный),Zdolny (Jestem zdolny)
Готовить (Я готовлю обед),Przygotowywać (Przygotowuję obiad)
Настоящий (Это настоящая история),Prawdziwy (To prawdziwa historia)
Помогать (Я помогаю родителям),Pomagać (Pomagam rodzicom)
Не хватать (Мне не хватает времени),Brakować (Brakuje mi czasu)
Выглядеть (Ты выглядишь хорошо),Wyglądać (Wyglądasz dobrze)
Кровать (Кровать удобная),Łóżko (Łóżko jest wygodne)
Банк (Банк в центре),Bank (Bank w centrum)
Быть (Будь терпеливым),Bądź (Bądź cierpliwy)
Отец (Мой отец — врач),Ojciec (Mój ojciec jest lekarzem)
Приветствие (Приветы из Гданьска),Pozdrowienie (Pozdrowienia z Gdańska)
Предназначить (Я назначаю деньги на отпуск),Przeznaczyć (Przeznaczam pieniądze na wakacje)
Сертификат (У меня сертификат по польскому),Certyfikat (Mam certyfikat z polskiego)
Экзаменатор (Экзаменатор был добр),Egzaminator (Egzaminator był miły)
Ответить (Ответь на вопрос),Odpowiedzieć (Odpowiedz na pytanie)
Поздно (Уже поздно),Późno (Jest już późno)
Юг; полдень (Я иду на обед в полдень),Południe (Idę na obiad w południe)
Запад; закат (Солнце заходит на западе),Zachód (Słońce zachodzi na zachodzie)
Забыть (Я забыл ключи),Zabyt (Zapomniałem kluczy)
Профессия; разочарование (Какая у тебя профессия?),Zawód (Jaki masz zawód?)
Более близкий (Более близкий срок),Bliższy (Bliższy termin)
Дальнейший (Дальнейшая часть),Dalszy (Dalsza część)
Предыдущий (Предыдущая неделя),Poprzedni (Poprzedni tydzień)
Похожий (Похожий на своего брата),Podobny (Podobny do swojego brata)
Самостоятельный (Я самостоятельный),Samodzielny (Jestem samodzielny)
Видный; заметный (Видимый невооружённым глазом),Widoczny (Widoczny gołym okiem)
Отчётливый (Чёткий образ),Wyraźny (Wyraźny obraz)
Действительный (Реальная стоимость),Rzeczywisty (Rzeczywisty koszt)
Эффективный (Эффективное решение),Skuteczny (Skuteczne rozwiązanie)
Особенно (Особенно в выходные),Zwłaszcza (Zwłaszcza w weekendy)
Обычно (Обычно я пью кофе),Zazwyczaj (Zazwyczaj piję kawę)
"Кроме того (Кроме того, у меня свободные выходные)",Ponadto (Ponadto mam wolny weekend)
"Возможно (Возможно, мы можем посмотреть)",Ewentualnie (Ewentualnie możemy zobaczyć)
Наверняка (Я обязательно приду),Z pewnością (Z pewnością przyjdę)
"Вероятно (Вероятно, завтра будет дождь)",Prawdopodobnie (Prawdopodobnie jutro będzie padać)
"Действительно (Действительно, ты прав)",Rzeczywiście (Rzeczywiście masz rację)
"А именно (А именно, речь о том...)",Mianowicie (Mianowicie chodzi o to...)
"Прежде всего (Прежде всего, будь в безопасности)",Przede wszystkim (Przede wszystkim bądź bezpieczny)
Частично (Частично закончено),Częściowo (Częściowo skończone)
Полностью (Я полностью согласен),Całkowicie (Całkowicie się zgadzam)
Совершенно (Совершенно иначе),Zupełnie (Zupełnie inaczej)
Исключительно (Исключительно хорошая погода),Wyjątkowo (Wyjątkowo ładna pogoda)
Средний (Средний результат),Przeciętny (Przeciętny wynik)
Типичный (Типичный польский дом),Typowy (Typowy polski dom)
Естественный (Натуральные ингредиенты),Naturalny (Naturalne składniki)
Обычный (Обычный день),Zwyczajny (Zwyczajny dzień)
Сложный (Сложная проблема),Skomplikowany (Skomplikowany problem)
Сложный (Сложное предложение),Złożony (Złożone zdanie)
Существенный (Существенное дело),Istotny (Istotna sprawa)
Значительный (Значительный рост),Znaczny (Znaczny wzrost)
Небольшой (Небольшая разница),Niewielki (Niewielka różnica)
Многочисленный (Многочисленная публика),Liczny (Liczna publiczność)
Присутствующий (Я присутствовал),Obecny (Byłem obecny)
Сознательный (Он в сознании),Przytomny (Jest przytomny)
Заметный (Едва заметный),Widoczny (Ledwo widoczny)
Слышимый (Едва слышный звук),Słyszalny (Ledwo słyszalny dźwięk)
Видимый (Видимый невооружённым глазом),Widzialny (Widzialny gołym okiem)
Невидимый (Невидимая сила),Niewidzialny (Niewidzialna siła)
Вероятный (Вероятный результат),Prawdopodobny (Prawdopodobny wynik)
Неуверенный (Неуверенный результат),Niepewny (Niepewny wynik)
Осознающий (Я осознаю ситуацию),Świadomy (Jestem świadomy sytuacji)
Надлежащий (В надлежащее время),Stosowny (W stosownym czasie)
Неправильный (Неправильное поведение),Niewłaściwy (Niewłaściwe zachowanie)
Ошибочный (Ошибочный ответ),Błędny (Błędna odpowiedź)
Подробный (Подробное описание),Szczegółowy (Szczegółowy opis)
Рамочный (Рамочный план),Ramowy (Ramowy plan)
Предварительный (Предварительный план),Wstępny (Wstępny plan)
Более ранний (Более ранний срок),Wcześniejszy (Wcześniejszy termin)
Более поздний (Более поздний срок),Późniejszy (Późniejszy termin)
Текущий (Текущий месяц),Bieżący (Bieżący miesiąc)
Недавний (Недавний разговор),Niedawny (Niedawna rozmowa)
Свежий (Свежая выпечка),Świeży (Świeże pieczywo)
Администрация (Государственная администрация),Administracja (Administracja państwowa)
Анализ (Анализ данных),Analiza (Analiza danych)
Исследовательский (Исследовательский центр),Badawczy (Ośrodek badawczy)
Непосредственный (Непосредственный контакт),Bezpośredni (Bezpośredni kontakt)
Делегация (Служебная командировка),Delegacja (Delegacja służbowa)
Документация (Документация проекта),Dokumentacja (Dokumentacja projektu)
Участок (Участок под дом),Działka (Działka pod dom)
Хозяин (Хозяин дома),Gospodarz (Gospodarz domu)
Учреждение (Публичное учреждение),Instytucja (Instytucja publiczna)
Корреспонденция (Служебная переписка),Korespondencja (Korespondencja służbowa)
Кризис (Экономический кризис),Kryzys (Kryzys gospodarczy)
Врачебный (Врачебный кабинет),Lekarski (Gabinet lekarski)
Содержательный (Содержательное замечание),Merytoryczny (Merytoryczna uwaga)
Инвалид (Человек с инвалидностью),Niepełnosprawny (Osoba niepełnosprawna)
Центр (Медицинский центр),Ośrodek (Ośrodek zdrowia)
Учреждение (Торговая точка),Placówka (Placówka handlowa)
Процедура (Судебное разбирательство),Postępowanie (Postępowanie sądowe)
Правовой (Юридическая помощь),Prawny (Pomoc prawna)
Подготовка (Подготовка к экзамену),Przygotowanie (Przygotowanie do egzaminu)
Регламент (Школьные правила),Regulamin (Regulamin szkoły)
Специалист (IT-специалист),Specjalista (Specjalista IT)
Стипендия (У меня стипендия),Stypendium (Mam stypendium)
Обучение (Тренинг по польскому),Szkolenie (Szkolenie z polskiego)
Услуга (Оказание услуг),Świadczenie (Świadczenie usług)
Страховка (Медицинская страховка),Ubezpieczenie (Ubezpieczenie zdrowotne)
Образование (Высшее образование),Wykształcenie (Wykształcenie wyższe)
Справка (Справка о трудоустройстве),Zaświadczenie (Zaświadczenie o zatrudnieniu)
Пособие (Пособие по безработице),Zasiłek (Zasiłek dla bezrobotnych)
Увольнение; справка (Больничный лист),Zwolnienie (Zwolnienie lekarskie)
Подход (Новый подход),Podejście (Nowe podejście)
Заинтересованный (Я заинтересован),Zainteresowany (Jestem zainteresowany)
Образованный (Я образован),Wykształcony (Jestem wykształcony)
Опытный (Я опытный),Doświadczony (Jestem doświadczony)
Талантливый (Он очень талантливый музыкант),Utalentowany (Jest bardzo utalentowanym muzykiem)
Трудолюбивый (Ты очень трудолюбивый),Pracowity (Jesteś bardzo pracowity)
Html (Файл в формате HTML),Html (Plik w formacie HTML)
Http (Протокол HTTP служит для передачи страниц),Http (Protokół HTTP służy do przesyłania stron)
Https (Сайт использует HTTPS для безопасности),Https (Strona używa HTTPS dla bezpieczeństwa)
Www (Открой страницу www),Www (Otwórz stronę www)
См. (Смотри страницу пятую),Zob (Zobacz stronę piątą)